{"mc":{
	"6田园犬":{
		"frameRate":30,
		"events":[
			
			],
		"frames":[
			
			{
			"res":"35F99EB3",
			"x":69,
			"y":96
			},
			{
			"res":"3118898A",
			"x":62,
			"y":96
			},
			{
			"res":"70E2CFC3",
			"x":64,
			"y":95
			},
			{
			"res":"863DFC31",
			"x":65,
			"y":86
			}
			]
}},
	"res":{
		"3118898A":{"x":320,"y":0,"w":158,"h":136},
		"35F99EB3":{"x":320,"y":138,"w":149,"h":136},
		"863DFC31":{"x":0,"y":0,"w":158,"h":146},
		"70E2CFC3":{"x":160,"y":0,"w":158,"h":137}
	}}