{"mc":{
	"2小黄狗":{
		"frameRate":30,
		"events":[
			
			],
		"frames":[
			
			{
			"res":"9657CCE9",
			"x":62,
			"y":128
			},
			{
			"res":"6CF5C746",
			"x":62,
			"y":126
			},
			{
			"res":"1E31F949",
			"x":62,
			"y":124
			},
			{
			"res":"2494E544",
			"x":62,
			"y":126
			}
			]
}},
	"res":{
		"6CF5C746":{"x":131,"y":0,"w":129,"h":85},
		"2494E544":{"x":0,"y":89,"w":130,"h":85},
		"1E31F949":{"x":0,"y":0,"w":129,"h":87},
		"9657CCE9":{"x":132,"y":87,"w":131,"h":83}
	}}