{"mc":{
	"5山地犬":{
		"frameRate":30,
		"events":[
			
			],
		"frames":[
			
			{
			"res":"B1AFE93B",
			"x":81,
			"y":119
			},
			{
			"res":"158B68B0",
			"x":79,
			"y":118
			},
			{
			"res":"8154A86",
			"x":81,
			"y":118
			},
			{
			"res":"35E6899E",
			"x":81,
			"y":118
			}
			]
}},
	"res":{
		"35E6899E":{"x":136,"y":0,"w":124,"h":94},
		"8154A86":{"x":133,"y":96,"w":124,"h":95},
		"158B68B0":{"x":0,"y":0,"w":134,"h":94},
		"B1AFE93B":{"x":0,"y":96,"w":131,"h":93}
	}}