{"mc":{
	"8泰迪":{
		"frameRate":30,
		"events":[
			
			],
		"frames":[
			
			{
			"res":"6631AA5E",
			"x":74,
			"y":81
			},
			{
			"res":"5326B15C",
			"x":75,
			"y":81
			},
			{
			"res":"C2F2798F",
			"x":76,
			"y":81
			},
			{
			"res":"819421FC",
			"x":76,
			"y":80
			}
			]
}},
	"res":{
		"6631AA5E":{"x":0,"y":0,"w":142,"h":147},
		"5326B15C":{"x":0,"y":149,"w":141,"h":147},
		"C2F2798F":{"x":142,"y":298,"w":140,"h":147},
		"819421FC":{"x":0,"y":298,"w":140,"h":148}
	}}