{"mc":{
	"9博美":{
		"frameRate":30,
		"events":[
			
			],
		"frames":[
			
			{
			"res":"15D79CCA",
			"x":70,
			"y":97
			},
			{
			"res":"4B7A5341",
			"x":70,
			"y":85
			},
			{
			"res":"EC590669",
			"x":70,
			"y":98
			},
			{
			"res":"DFE254FC",
			"x":70,
			"y":98
			}
			]
}},
	"res":{
		"DFE254FC":{"x":170,"y":132,"w":162,"h":117},
		"EC590669":{"x":334,"y":132,"w":160,"h":118},
		"15D79CCA":{"x":0,"y":132,"w":168,"h":118},
		"4B7A5341":{"x":0,"y":0,"w":172,"h":130}
	}}