{"mc":{
	"15柯利犬":{
		"frameRate":30,
		"events":[
			
			],
		"frames":[
			
			{
			"res":"36F6AED4",
			"x":48,
			"y":55
			},
			{
			"res":"F17E4E64",
			"x":48,
			"y":55
			},
			{
			"res":"B4D3CC3D",
			"x":48,
			"y":55
			},
			{
			"res":"478E3C8C",
			"x":48,
			"y":55
			}
			]
}},
	"res":{
		"F17E4E64":{"x":176,"y":172,"w":171,"h":169},
		"B4D3CC3D":{"x":0,"y":172,"w":174,"h":170},
		"36F6AED4":{"x":0,"y":0,"w":179,"h":170},
		"478E3C8C":{"x":181,"y":0,"w":177,"h":170}
	}}