{"mc":{
	"16葫芦犬":{
		"frameRate":30,
		"events":[
			
			],
		"frames":[
			
			{
			"res":"FD63C951",
			"x":73,
			"y":90
			},
			{
			"res":"5B00A71",
			"x":70,
			"y":90
			},
			{
			"res":"1C2050ED",
			"x":71,
			"y":90
			},
			{
			"res":"F96AAA65",
			"x":74,
			"y":90
			}
			]
}},
	"res":{
		"1C2050ED":{"x":0,"y":126,"w":131,"h":125},
		"F96AAA65":{"x":266,"y":126,"w":128,"h":125},
		"5B00A71":{"x":0,"y":0,"w":134,"h":124},
		"FD63C951":{"x":133,"y":126,"w":131,"h":124}
	}}