{"mc":{
	"12贵宾":{
		"frameRate":30,
		"events":[
			
			],
		"frames":[
			
			{
			"res":"5CC0E039",
			"x":61,
			"y":54
			},
			{
			"res":"9C834295",
			"x":59,
			"y":53
			},
			{
			"res":"857C80C0",
			"x":59,
			"y":55
			},
			{
			"res":"2B54CE0A",
			"x":59,
			"y":54
			}
			]
}},
	"res":{
		"9C834295":{"x":175,"y":0,"w":168,"h":171},
		"857C80C0":{"x":0,"y":172,"w":168,"h":169},
		"5CC0E039":{"x":170,"y":173,"w":166,"h":170},
		"2B54CE0A":{"x":0,"y":0,"w":173,"h":170}
	}}