{"mc":{
	"pet38_42":{
		"frameRate":24,
		"events":[
			
			],
		"frames":[
			
			{
			"res":"E33368D2",
			"x":34,
			"y":38
			},
			{
			"res":"844037E3",
			"x":33,
			"y":36
			},
			{
			"res":"1A4D9115",
			"x":32,
			"y":35
			},
			{
			"res":"CD56FD89",
			"x":33,
			"y":35
			}
			]
}},
	"res":{
		"1A4D9115":{"x":238,"y":0,"w":236,"h":226},
		"CD56FD89":{"x":0,"y":0,"w":236,"h":227},
		"E33368D2":{"x":0,"y":229,"w":233,"h":225},
		"844037E3":{"x":238,"y":228,"w":234,"h":226}
	}}