{"mc":{
	"13粉狗":{
		"frameRate":30,
		"events":[
			
			],
		"frames":[
			
			{
			"res":"BD0B92E",
			"x":57,
			"y":66
			},
			{
			"res":"AAF175C2",
			"x":56,
			"y":64
			},
			{
			"res":"67C47F05",
			"x":56,
			"y":64
			},
			{
			"res":"718FE169",
			"x":56,
			"y":64
			}
			]
}},
	"res":{
		"BD0B92E":{"x":0,"y":335,"w":172,"h":165},
		"AAF175C2":{"x":176,"y":0,"w":173,"h":166},
		"67C47F05":{"x":0,"y":168,"w":173,"h":165},
		"718FE169":{"x":0,"y":0,"w":174,"h":166}
	}}