{"mc":{
	"19翅膀犬1":{
		"frameRate":30,
		"events":[
			
			],
		"frames":[
			
			{
			"res":"C78378F4",
			"x":0,
			"y":8
			},
			{
			"res":"AA574C5D",
			"x":0,
			"y":13
			},
			{
			"res":"8CD032FD",
			"x":0,
			"y":6
			},
			{
			"res":"DED28724",
			"x":0,
			"y":13
			}
			]
}},
	"res":{
		"AA574C5D":{"x":0,"y":224,"w":229,"h":215},
		"C78378F4":{"x":233,"y":0,"w":232,"h":220},
		"8CD032FD":{"x":0,"y":0,"w":231,"h":222},
		"DED28724":{"x":233,"y":222,"w":235,"h":215}
	}}