{"mc":{
	"18火焰犬":{
		"frameRate":30,
		"events":[
			
			],
		"frames":[
			
			{
			"res":"A47D9CE6",
			"x":58,
			"y":55
			},
			{
			"res":"9FD8189E",
			"x":59,
			"y":55
			},
			{
			"res":"5D437A63",
			"x":59,
			"y":55
			},
			{
			"res":"BBB1BA1A",
			"x":58,
			"y":55
			}
			]
}},
	"res":{
		"BBB1BA1A":{"x":174,"y":0,"w":172,"h":159},
		"9FD8189E":{"x":0,"y":162,"w":170,"h":157},
		"5D437A63":{"x":174,"y":161,"w":171,"h":159},
		"A47D9CE6":{"x":0,"y":0,"w":172,"h":160}
	}}