{"mc":{
	"17酋长犬":{
		"frameRate":30,
		"events":[
			
			],
		"frames":[
			
			{
			"res":"CAA63403",
			"x":57,
			"y":59
			},
			{
			"res":"CC74E4F7",
			"x":55,
			"y":58
			},
			{
			"res":"8EB22027",
			"x":52,
			"y":59
			},
			{
			"res":"50D586C0",
			"x":49,
			"y":55
			}
			]
}},
	"res":{
		"CC74E4F7":{"x":190,"y":162,"w":182,"h":160},
		"50D586C0":{"x":0,"y":0,"w":188,"h":184},
		"CAA63403":{"x":0,"y":186,"w":180,"h":187},
		"8EB22027":{"x":190,"y":0,"w":186,"h":160}
	}}