{"mc":{
	"20翅膀犬2":{
		"frameRate":30,
		"events":[
			
			],
		"frames":[
			
			{
			"res":"A1EB75D1",
			"x":0,
			"y":0
			},
			{
			"res":"DB57E8D3",
			"x":0,
			"y":0
			},
			{
			"res":"9E295BE7",
			"x":0,
			"y":0
			},
			{
			"res":"4DDA3ED1",
			"x":0,
			"y":0
			}
			]
}},
	"res":{
		"9E295BE7":{"x":0,"y":215,"w":232,"h":213},
		"A1EB75D1":{"x":0,"y":0,"w":233,"h":213},
		"4DDA3ED1":{"x":235,"y":0,"w":233,"h":213},
		"DB57E8D3":{"x":234,"y":215,"w":232,"h":213}
	}}