{"mc":{
	"3大黄狗":{
		"frameRate":30,
		"events":[
			
			],
		"frames":[
			
			{
			"res":"C13898C8",
			"x":77,
			"y":125
			},
			{
			"res":"F7190350",
			"x":77,
			"y":125
			},
			{
			"res":"5BBB32E7",
			"x":76,
			"y":125
			},
			{
			"res":"CFC73806",
			"x":76,
			"y":125
			}
			]
}},
	"res":{
		"5BBB32E7":{"x":0,"y":0,"w":118,"h":90},
		"CFC73806":{"x":120,"y":0,"w":118,"h":90},
		"C13898C8":{"x":0,"y":92,"w":117,"h":90},
		"F7190350":{"x":119,"y":92,"w":117,"h":90}
	}}