{
	"groups": [
		{
			"keys": "comp_json,main_json",
			"name": "preload"
		},
		{
			"keys": "comp_json,loading_json",
			"name": "loading"
		}
	],
	"resources": [
		{
			"url": "assets/bg.jpg",
			"type": "image",
			"name": "bg_jpg"
		},
		{
			"url": "assets/egret_icon.png",
			"type": "image",
			"name": "egret_icon_png"
		},
		{
			"url": "config/description.json",
			"type": "json",
			"name": "description_json"
		},
		{
			"url": "mornui/comp/comp.json",
			"type": "sheet",
			"name": "comp_json",
			"subkeys": "bg,blank,btn_close,button,checkbox,clip_num,clip_selectBox,clip_tree_arrow,combobox,hscroll,hscroll$bar,hscroll$down,hscroll$up,hslider,hslider$bar,label,linkbutton,progress,progress$bar,radio,radiogroup,tab,textarea,textinput,vscroll,vscroll$bar,vscroll$down,vscroll$up,vslider,vslider$bar"
		},
		{
			"url": "mornui/loading/loading.json",
			"type": "sheet",
			"name": "loading_json",
			"subkeys": "black_dog,dog,loading"
		},
		{
			"url": "mornui/main/main.json",
			"type": "sheet",
			"name": "main_json",
			"subkeys": "alert_bg,apcc_bg,apcc_effect,blank,btn_activity,btn_addSpeed_apcc,btn_addSpeed_video,btn_blue,btn_close,btn_dog,btn_dog11_15,btn_dog16_20,btn_dog1_5,btn_dog21_25,btn_dog26_30,btn_dog31_37,btn_dog38,btn_dog39,btn_dog40,btn_dog41,btn_dog42,btn_dog43,btn_dog44,btn_dog6_10,btn_dogImg,btn_goldGainBg,btn_howgame,btn_invite_pyq,btn_invite_qq,btn_invite_wb,btn_invite_wx,btn_invite_zone,btn_jiaSu,btn_look,btn_money,btn_msg,btn_offline,btn_rest,btn_shop,btn_shop_close,btn_shop_gem,btn_shop_gold,btn_sound,btn_start,btn_steup,btn_sure,btn_syellow,btn_transfer,btn_video,btn_water,btn_yellow,btn_yqjuan,deam_line,deam_samll_bg,dog43,dog44,dog_bom_effect,dogimg_line,gem_big,gem_small,gold,goldGainPro,gold_1,gold_2,gold_3,gold_bg,item_bg,label,logo_apcc,lv_bg,money_fu,money_meng,money_yong,money_zhi,money_zhong,my_dog_bg,perfect_effect,perfect_fuzi,perfect_meng,perfect_yong,perfect_zhi,perfect_zhong,setup_tile,sh,shop11_15,shop16_20,shop1_5,shop21_25,shop26_30,shop31_37,shop38,shop39,shop40,shop41,shop42,shop43,shop44,shop6_10,shop_point,shop_title,slider_point,sliderband,sliderbg,star,star1,tan_pointer,tan_titile,title_dog_img,title_gain,title_gain_gold,title_gain_more_gold,title_goldNot,title_invite,title_money,title_myDog,title_online_gold,title_perfect,title_recover,title_setup,title_speedup,title_tip,water,window_gold_bg"
		}
	]
}