﻿{
	"debug": true,
	"showLog": -1,
	"openVConsole":false,
	"isPlatform": false,
	"cfgVersion": "2019111103",
	"loadingSpeed":2,
	"version": "2019111103",
	"server": "http://liuwei.dev.linjiexian.cn/game/",
	"token":"",
	"httpVer":"1.0",
	"isSoundPoint":true,
	"mainBottomY":0,
	"howGameUrl":["/web/gameplay.html","怎么玩"],
	"activeUrl":["/web/activity.html","活动"],
	"msgUrl":["/web/systemmessage.html","消息"],
	"fenHongUrl":["/web/bonusbetails.html","分红详情"],
	"assets": ""
}