{"mc":{
	"changelv":{
		"frameRate":24,
		"events":[
			
			],
		"frames":[
			
			{
			"res":"932E5C60",
			"x":61,
			"y":164
			},
			{
			"res":"A0F652D7",
			"x":50,
			"y":96
			},
			{
			"res":"C2CBA4E2",
			"x":44,
			"y":50
			},
			{
			"res":"886DDA0A",
			"x":30,
			"y":50
			},
			{
			"res":"AEFD263D",
			"x":24,
			"y":1
			},
			{
			"res":"93319CC3",
			"x":25,
			"y":1
			},
			{
			"res":"20B9A3C2",
			"x":20,
			"y":1
			},
			{
			"res":"C431A046",
			"x":19,
			"y":1
			},
			{
			"res":"AB21C1D3",
			"x":18,
			"y":1
			},
			{
			"res":"C5D86790",
			"x":17,
			"y":1
			},
			{
			"res":"C4355C52",
			"x":41,
			"y":6
			},
			{
			"res":"C0C3B4BC",
			"x":40,
			"y":21
			},
			{
			"res":"E1F59C32",
			"x":40,
			"y":21
			},
			{
			"res":"6D28A7C1",
			"x":39,
			"y":48
			},
			{
			"res":"CB59C14B",
			"x":40,
			"y":51
			}
			]
}},
	"res":{
		"20B9A3C2":{"x":1,"y":1,"w":141,"h":225},
		"886DDA0A":{"x":1,"y":453,"w":131,"h":176},
		"C431A046":{"x":144,"y":1,"w":140,"h":224},
		"C4355C52":{"x":282,"y":453,"w":104,"h":215},
		"AEFD263D":{"x":286,"y":1,"w":136,"h":225},
		"C5D86790":{"x":1,"y":228,"w":128,"h":223},
		"E1F59C32":{"x":411,"y":228,"w":89,"h":200},
		"93319CC3":{"x":144,"y":227,"w":136,"h":225},
		"932E5C60":{"x":424,"y":176,"w":30,"h":34},
		"6D28A7C1":{"x":424,"y":1,"w":86,"h":173},
		"C2CBA4E2":{"x":134,"y":454,"w":110,"h":176},
		"A0F652D7":{"x":84,"y":632,"w":72,"h":127},
		"AB21C1D3":{"x":282,"y":228,"w":127,"h":223},
		"CB59C14B":{"x":1,"y":631,"w":81,"h":169},
		"C0C3B4BC":{"x":388,"y":453,"w":104,"h":200}
	}}