{"mc":{
	"miner":{
		"frameRate":24,
		"events":[
			
			],
		"frames":[
			
			{
			"res":"15C9C3C5",
			"x":83,
			"y":48
			},
			{
			"res":"D1549B2C",
			"x":60,
			"y":43
			},
			{
			"res":"83D8C622",
			"x":49,
			"y":42
			},
			{
			"res":"7A1ECBED",
			"x":45,
			"y":40
			},
			{
			"res":"F098CAB4",
			"x":48,
			"y":34
			},
			{
			"res":"DADB9FD9",
			"x":60,
			"y":29
			},
			{
			"res":"7796654A",
			"x":75,
			"y":28
			},
			{
			"res":"19E59873",
			"x":87,
			"y":32
			},
			{
			"res":"CEA586C2",
			"x":68,
			"y":36
			},
			{
			"res":"F24B2689",
			"x":79,
			"y":51
			},
			{
			"res":"D520BAC",
			"x":78,
			"y":54
			},
			{
			"res":"5B6F5392",
			"x":78,
			"y":53
			},
			{
			"res":"E027E8A4",
			"x":79,
			"y":50
			},
			{
			"res":"FDF295FE",
			"x":79,
			"y":48
			},
			{
			"res":"5860C3F8",
			"x":79,
			"y":48
			},
			{
			"res":"22D1502E",
			"x":79,
			"y":48
			},
			{
			"res":"8547D61",
			"x":79,
			"y":48
			},
			{
			"res":"A229324F",
			"x":79,
			"y":48
			},
			{
			"res":"D1C6B4BB",
			"x":79,
			"y":48
			},
			{
			"res":"6B522D97",
			"x":79,
			"y":48
			},
			{
			"res":"796BD94B",
			"x":79,
			"y":48
			}
			]
}},
	"res":{
		"F24B2689":{"x":884,"y":222,"w":121,"h":216},
		"83D8C622":{"x":146,"y":1,"w":147,"h":202},
		"DADB9FD9":{"x":583,"y":1,"w":134,"h":215},
		"5860C3F8":{"x":842,"y":1,"w":121,"h":219},
		"6B522D97":{"x":146,"y":205,"w":121,"h":219},
		"CEA586C2":{"x":494,"y":439,"w":122,"h":208},
		"A229324F":{"x":1,"y":213,"w":121,"h":219},
		"5B6F5392":{"x":124,"y":426,"w":122,"h":214},
		"796BD94B":{"x":719,"y":1,"w":121,"h":219},
		"19E59873":{"x":884,"y":440,"w":107,"h":212},
		"7A1ECBED":{"x":295,"y":1,"w":145,"h":204},
		"E027E8A4":{"x":761,"y":222,"w":121,"h":217},
		"15C9C3C5":{"x":1,"y":434,"w":117,"h":219},
		"7796654A":{"x":372,"y":433,"w":120,"h":216},
		"F098CAB4":{"x":1,"y":1,"w":143,"h":210},
		"D1C6B4BB":{"x":269,"y":207,"w":121,"h":219},
		"22D1502E":{"x":392,"y":212,"w":121,"h":219},
		"D1549B2C":{"x":442,"y":1,"w":139,"h":209},
		"D520BAC":{"x":248,"y":428,"w":122,"h":213},
		"8547D61":{"x":515,"y":218,"w":121,"h":219},
		"FDF295FE":{"x":638,"y":222,"w":121,"h":219}
	}}