{"file":"comp.png","frames":{
"bg":{"x":0,"y":0,"w":100,"h":79,"offX":0,"offY":0,"sourceW":100,"sourceH":79},
"blank":{"x":151,"y":53,"w":10,"h":10,"offX":0,"offY":0,"sourceW":10,"sourceH":10},
"btn_close":{"x":102,"y":0,"w":28,"h":60,"offX":0,"offY":0,"sourceW":28,"sourceH":60},
"button":{"x":93,"y":81,"w":75,"h":69,"offX":0,"offY":0,"sourceW":75,"sourceH":69},
"checkbox":{"x":197,"y":0,"w":14,"h":42,"offX":0,"offY":0,"sourceW":14,"sourceH":42},
"clip_num":{"x":0,"y":152,"w":238,"h":24,"offX":2,"offY":2,"sourceW":240,"sourceH":27},
"clip_selectBox":{"x":72,"y":178,"w":100,"h":40,"offX":0,"offY":0,"sourceW":100,"sourceH":40},
"clip_tree_arrow":{"x":174,"y":198,"w":7,"h":20,"offX":3,"offY":3,"sourceW":14,"sourceH":28},
"combobox":{"x":0,"y":81,"w":91,"h":69,"offX":0,"offY":0,"sourceW":91,"sourceH":69},
"hscroll$bar":{"x":287,"y":198,"w":21,"h":51,"offX":0,"offY":0,"sourceW":21,"sourceH":51},
"hscroll$down":{"x":310,"y":198,"w":17,"h":51,"offX":0,"offY":0,"sourceW":17,"sourceH":51},
"hscroll$up":{"x":151,"y":0,"w":17,"h":51,"offX":0,"offY":0,"sourceW":17,"sourceH":51},
"hscroll":{"x":202,"y":132,"w":33,"h":17,"offX":0,"offY":0,"sourceW":33,"sourceH":17},
"hslider$bar":{"x":186,"y":106,"w":14,"h":42,"offX":0,"offY":0,"sourceW":14,"sourceH":42},
"hslider":{"x":124,"y":248,"w":100,"h":6,"offX":0,"offY":0,"sourceW":100,"sourceH":6},
"label":{"x":174,"y":178,"w":120,"h":18,"offX":0,"offY":0,"sourceW":120,"sourceH":18},
"linkbutton":{"x":72,"y":220,"w":120,"h":18,"offX":0,"offY":0,"sourceW":120,"sourceH":18},
"progress$bar":{"x":102,"y":65,"w":50,"h":14,"offX":0,"offY":0,"sourceW":50,"sourceH":14},
"progress":{"x":72,"y":240,"w":50,"h":14,"offX":0,"offY":0,"sourceW":50,"sourceH":14},
"radio":{"x":202,"y":88,"w":14,"h":42,"offX":0,"offY":0,"sourceW":14,"sourceH":42},
"radiogroup":{"x":170,"y":106,"w":14,"h":42,"offX":0,"offY":0,"sourceW":14,"sourceH":42},
"tab":{"x":0,"y":178,"w":70,"h":76,"offX":0,"offY":2,"sourceW":70,"sourceH":78},
"textarea":{"x":194,"y":198,"w":91,"h":23,"offX":0,"offY":0,"sourceW":91,"sourceH":23},
"textinput":{"x":194,"y":223,"w":91,"h":23,"offX":0,"offY":0,"sourceW":91,"sourceH":23},
"vscroll$bar":{"x":132,"y":0,"w":17,"h":63,"offX":0,"offY":0,"sourceW":17,"sourceH":63},
"vscroll$down":{"x":170,"y":0,"w":17,"h":51,"offX":0,"offY":0,"sourceW":17,"sourceH":51},
"vscroll$up":{"x":170,"y":53,"w":17,"h":51,"offX":0,"offY":0,"sourceW":17,"sourceH":51},
"vscroll":{"x":218,"y":88,"w":17,"h":33,"offX":0,"offY":0,"sourceW":17,"sourceH":33},
"vslider$bar":{"x":197,"y":44,"w":14,"h":42,"offX":0,"offY":0,"sourceW":14,"sourceH":42},
"vslider":{"x":189,"y":0,"w":6,"h":100,"offX":0,"offY":0,"sourceW":6,"sourceH":100}}}