{"file":"main.png","frames":{
"alert_bg":{"x":1,"y":1,"w":599,"h":569,"offX":0,"offY":0,"sourceW":599,"sourceH":569},
"apcc_bg":{"x":1097,"y":1,"w":701,"h":110,"offX":0,"offY":0,"sourceW":701,"sourceH":110},
"apcc_effect":{"x":305,"y":1229,"w":85,"h":85,"offX":0,"offY":0,"sourceW":85,"sourceH":85},
"blank":{"x":2027,"y":23,"w":10,"h":10,"offX":0,"offY":0,"sourceW":10,"sourceH":10},
"btn_activity":{"x":620,"y":1333,"w":95,"h":120,"offX":0,"offY":0,"sourceW":95,"sourceH":120},
"btn_addSpeed_apcc":{"x":602,"y":313,"w":394,"h":151,"offX":0,"offY":0,"sourceW":394,"sourceH":151},
"btn_addSpeed_video":{"x":1097,"y":269,"w":394,"h":151,"offX":0,"offY":0,"sourceW":394,"sourceH":151},
"btn_blue":{"x":571,"y":1254,"w":164,"h":77,"offX":0,"offY":0,"sourceW":164,"sourceH":77},
"btn_close":{"x":1970,"y":1302,"w":77,"h":84,"offX":0,"offY":0,"sourceW":77,"sourceH":84},
"btn_dog":{"x":1568,"y":1207,"w":208,"h":93,"offX":0,"offY":0,"sourceW":208,"sourceH":93},
"btn_dog11_15":{"x":134,"y":1321,"w":107,"h":107,"offX":3,"offY":6,"sourceW":113,"sourceH":113},
"btn_dog16_20":{"x":1639,"y":1302,"w":110,"h":107,"offX":3,"offY":3,"sourceW":113,"sourceH":113},
"btn_dog1_5":{"x":1354,"y":1407,"w":107,"h":106,"offX":3,"offY":7,"sourceW":113,"sourceH":113},
"btn_dog21_25":{"x":1860,"y":1302,"w":108,"h":107,"offX":2,"offY":3,"sourceW":113,"sourceH":113},
"btn_dog26_30":{"x":1415,"y":1298,"w":113,"h":107,"offX":0,"offY":3,"sourceW":113,"sourceH":113},
"btn_dog31_37":{"x":846,"y":1303,"w":107,"h":107,"offX":3,"offY":3,"sourceW":113,"sourceH":113},
"btn_dog38":{"x":1530,"y":1302,"w":107,"h":111,"offX":3,"offY":2,"sourceW":113,"sourceH":113},
"btn_dog39":{"x":1751,"y":1302,"w":107,"h":109,"offX":3,"offY":4,"sourceW":113,"sourceH":113},
"btn_dog40":{"x":305,"y":1318,"w":107,"h":107,"offX":3,"offY":3,"sourceW":113,"sourceH":113},
"btn_dog41":{"x":1382,"y":422,"w":107,"h":113,"offX":3,"offY":0,"sourceW":113,"sourceH":113},
"btn_dog42":{"x":1639,"y":1411,"w":107,"h":106,"offX":3,"offY":7,"sourceW":113,"sourceH":113},
"btn_dog43":{"x":737,"y":1303,"w":107,"h":107,"offX":3,"offY":3,"sourceW":113,"sourceH":113},
"btn_dog44":{"x":1136,"y":1278,"w":107,"h":113,"offX":3,"offY":0,"sourceW":113,"sourceH":113},
"btn_dog6_10":{"x":1860,"y":1411,"w":107,"h":106,"offX":3,"offY":7,"sourceW":113,"sourceH":113},
"btn_dogImg":{"x":998,"y":313,"w":95,"h":120,"offX":0,"offY":0,"sourceW":95,"sourceH":120},
"btn_goldGainBg":{"x":602,"y":466,"w":541,"h":97,"offX":4,"offY":4,"sourceW":545,"sourceH":101},
"btn_howgame":{"x":1,"y":1355,"w":95,"h":120,"offX":0,"offY":0,"sourceW":95,"sourceH":120},
"btn_invite_pyq":{"x":952,"y":1495,"w":74,"h":72,"offX":0,"offY":0,"sourceW":74,"sourceH":72},
"btn_invite_qq":{"x":1023,"y":565,"w":74,"h":72,"offX":0,"offY":0,"sourceW":74,"sourceH":72},
"btn_invite_wb":{"x":1973,"y":1203,"w":74,"h":72,"offX":0,"offY":0,"sourceW":74,"sourceH":72},
"btn_invite_wx":{"x":1970,"y":1388,"w":74,"h":72,"offX":0,"offY":0,"sourceW":74,"sourceH":72},
"btn_invite_zone":{"x":1969,"y":1462,"w":74,"h":72,"offX":0,"offY":0,"sourceW":74,"sourceH":72},
"btn_jiaSu":{"x":616,"y":780,"w":169,"h":90,"offX":0,"offY":0,"sourceW":169,"sourceH":90},
"btn_look":{"x":1,"y":1156,"w":394,"h":71,"offX":0,"offY":0,"sourceW":394,"sourceH":71},
"btn_money":{"x":1925,"y":883,"w":110,"h":111,"offX":0,"offY":0,"sourceW":110,"sourceH":111},
"btn_msg":{"x":955,"y":1373,"w":95,"h":120,"offX":0,"offY":0,"sourceW":95,"sourceH":120},
"btn_offline":{"x":1264,"y":1089,"w":392,"h":73,"offX":0,"offY":0,"sourceW":392,"sourceH":73},
"btn_rest":{"x":1149,"y":1417,"w":96,"h":105,"offX":0,"offY":0,"sourceW":96,"sourceH":105},
"btn_shop":{"x":1865,"y":791,"w":169,"h":90,"offX":0,"offY":0,"sourceW":169,"sourceH":90},
"btn_shop_close":{"x":542,"y":1497,"w":198,"h":48,"offX":0,"offY":0,"sourceW":198,"sourceH":48},
"btn_shop_gem":{"x":342,"y":1455,"w":198,"h":48,"offX":0,"offY":0,"sourceW":198,"sourceH":48},
"btn_shop_gold":{"x":1,"y":1477,"w":198,"h":48,"offX":0,"offY":0,"sourceW":198,"sourceH":48},
"btn_sound":{"x":1415,"y":1164,"w":151,"h":132,"offX":0,"offY":0,"sourceW":151,"sourceH":132},
"btn_start":{"x":1685,"y":901,"w":238,"h":132,"offX":0,"offY":0,"sourceW":238,"sourceH":132},
"btn_steup":{"x":1052,"y":1393,"w":95,"h":120,"offX":0,"offY":0,"sourceW":95,"sourceH":120},
"btn_sure":{"x":1800,"y":1,"w":225,"h":108,"offX":0,"offY":0,"sourceW":228,"sourceH":110},
"btn_syellow":{"x":742,"y":1497,"w":98,"h":48,"offX":0,"offY":0,"sourceW":98,"sourceH":48},
"btn_transfer":{"x":523,"y":1333,"w":95,"h":120,"offX":0,"offY":0,"sourceW":95,"sourceH":120},
"btn_video":{"x":787,"y":827,"w":38,"h":39,"offX":0,"offY":0,"sourceW":38,"sourceH":39},
"btn_water":{"x":1003,"y":1183,"w":208,"h":93,"offX":0,"offY":0,"sourceW":208,"sourceH":93},
"btn_yellow":{"x":1,"y":793,"w":164,"h":77,"offX":0,"offY":0,"sourceW":164,"sourceH":77},
"btn_yqjuan":{"x":134,"y":1229,"w":169,"h":90,"offX":0,"offY":0,"sourceW":169,"sourceH":90},
"deam_item_bg":{"x":1741,"y":375,"w":235,"h":242,"offX":0,"offY":0,"sourceW":235,"sourceH":242},
"deam_item_line":{"x":1543,"y":1540,"w":463,"h":2,"offX":0,"offY":0,"sourceW":463,"sourceH":2},
"deam_line":{"x":1028,"y":1536,"w":513,"h":3,"offX":0,"offY":0,"sourceW":513,"sourceH":3},
"deam_samll_bg":{"x":2027,"y":1,"w":20,"h":20,"offX":0,"offY":0,"sourceW":20,"sourceH":20},
"dog43":{"x":414,"y":1318,"w":107,"h":107,"offX":3,"offY":3,"sourceW":113,"sourceH":113},
"dog44":{"x":1245,"y":1302,"w":107,"h":113,"offX":3,"offY":0,"sourceW":113,"sourceH":113},
"dogimg_line":{"x":1543,"y":1536,"w":463,"h":2,"offX":0,"offY":0,"sourceW":463,"sourceH":2},
"dog_bom_effect":{"x":1778,"y":1207,"w":193,"h":93,"offX":0,"offY":0,"sourceW":193,"sourceH":93},
"gem_big":{"x":1099,"y":565,"w":42,"h":61,"offX":0,"offY":0,"sourceW":42,"sourceH":61},
"gem_small":{"x":1459,"y":537,"w":29,"h":42,"offX":0,"offY":0,"sourceW":29,"sourceH":42},
"gold":{"x":2010,"y":260,"w":35,"h":39,"offX":0,"offY":0,"sourceW":35,"sourceH":39},
"goldGainPro":{"x":1348,"y":1515,"w":214,"h":19,"offX":0,"offY":0,"sourceW":214,"sourceH":19},
"gold_1":{"x":195,"y":572,"w":208,"h":183,"offX":0,"offY":0,"sourceW":208,"sourceH":183},
"gold_2":{"x":1493,"y":375,"w":246,"h":234,"offX":0,"offY":0,"sourceW":246,"sourceH":234},
"gold_3":{"x":1601,"y":113,"w":285,"h":260,"offX":0,"offY":0,"sourceW":285,"sourceH":260},
"gold_bg":{"x":571,"y":1156,"w":260,"h":96,"offX":0,"offY":0,"sourceW":260,"sourceH":96},
"hb":{"x":1,"y":572,"w":192,"h":219,"offX":0,"offY":0,"sourceW":192,"sourceH":219},
"item_bg":{"x":1382,"y":537,"w":75,"h":73,"offX":0,"offY":0,"sourceW":75,"sourceH":73},
"label":{"x":998,"y":435,"w":120,"h":18,"offX":0,"offY":0,"sourceW":120,"sourceH":18},
"logo_apcc":{"x":2010,"y":301,"w":28,"h":44,"offX":1,"offY":0,"sourceW":30,"sourceH":44},
"lv_bg":{"x":1978,"y":368,"w":48,"h":121,"offX":0,"offY":0,"sourceW":48,"sourceH":121},
"money_fu":{"x":1493,"y":269,"w":100,"h":101,"offX":0,"offY":0,"sourceW":100,"sourceH":101},
"money_meng":{"x":850,"y":1412,"w":100,"h":101,"offX":0,"offY":0,"sourceW":100,"sourceH":101},
"money_yong":{"x":243,"y":1427,"w":97,"h":101,"offX":1,"offY":0,"sourceW":100,"sourceH":101},
"money_zhi":{"x":1748,"y":1413,"w":100,"h":101,"offX":0,"offY":0,"sourceW":100,"sourceH":101},
"money_zhong":{"x":1247,"y":1417,"w":99,"h":100,"offX":1,"offY":1,"sourceW":100,"sourceH":101},
"my_dog_bg":{"x":602,"y":1,"w":493,"h":310,"offX":0,"offY":0,"sourceW":493,"sourceH":310},
"perfect_effect":{"x":1888,"y":260,"w":120,"h":106,"offX":0,"offY":0,"sourceW":120,"sourceH":106},
"perfect_fuzi":{"x":1978,"y":559,"w":43,"h":43,"offX":23,"offY":20,"sourceW":90,"sourceH":90},
"perfect_meng":{"x":1803,"y":664,"w":40,"h":43,"offX":24,"offY":20,"sourceW":90,"sourceH":90},
"perfect_yong":{"x":787,"y":780,"w":38,"h":45,"offX":25,"offY":19,"sourceW":90,"sourceH":90},
"perfect_zhi":{"x":1803,"y":619,"w":43,"h":43,"offX":23,"offY":20,"sourceW":90,"sourceH":90},
"perfect_zhong":{"x":1333,"y":639,"w":43,"h":42,"offX":24,"offY":20,"sourceW":90,"sourceH":90},
"setup_tile":{"x":1023,"y":713,"w":419,"h":92,"offX":1,"offY":3,"sourceW":420,"sourceH":95},
"sh":{"x":1568,"y":1164,"w":88,"h":39,"offX":102,"offY":27,"sourceW":208,"sourceH":93},
"shop11_15":{"x":1003,"y":1278,"w":131,"h":93,"offX":81,"offY":119,"sourceW":300,"sourceH":300},
"shop16_20":{"x":1264,"y":1164,"w":149,"h":136,"offX":69,"offY":96,"sourceW":300,"sourceH":300},
"shop1_5":{"x":717,"y":1412,"w":131,"h":83,"offX":62,"offY":128,"sourceW":300,"sourceH":300},
"shop21_25":{"x":1888,"y":111,"w":142,"h":147,"offX":74,"offY":81,"sourceW":300,"sourceH":300},
"shop26_30":{"x":833,"y":1183,"w":168,"h":118,"offX":70,"offY":97,"sourceW":300,"sourceH":300},
"shop31_37":{"x":1685,"y":1035,"w":173,"h":170,"offX":59,"offY":54,"sourceW":300,"sourceH":300},
"shop38":{"x":405,"y":572,"w":180,"h":187,"offX":57,"offY":59,"sourceW":300,"sourceH":300},
"shop39":{"x":1,"y":1229,"w":131,"h":124,"offX":73,"offY":90,"sourceW":300,"sourceH":300},
"shop40":{"x":1865,"y":619,"w":177,"h":170,"offX":48,"offY":55,"sourceW":300,"sourceH":300},
"shop41":{"x":397,"y":1156,"w":172,"h":160,"offX":58,"offY":55,"sourceW":300,"sourceH":300},
"shop42":{"x":1145,"y":422,"w":235,"h":215,"offX":0,"offY":13,"sourceW":300,"sourceH":300},
"shop43":{"x":1860,"y":1035,"w":174,"h":166,"offX":56,"offY":64,"sourceW":300,"sourceH":300},
"shop44":{"x":602,"y":565,"w":233,"h":213,"offX":0,"offY":0,"sourceW":300,"sourceH":300},
"shop6_10":{"x":1463,"y":1415,"w":117,"h":90,"offX":77,"offY":125,"sourceW":300,"sourceH":300},
"shop_item_bg":{"x":1097,"y":113,"w":502,"h":154,"offX":0,"offY":0,"sourceW":502,"sourceH":154},
"shop_point":{"x":342,"y":1505,"w":66,"h":66,"offX":0,"offY":0,"sourceW":66,"sourceH":66},
"shop_title":{"x":1382,"y":619,"w":419,"h":92,"offX":1,"offY":4,"sourceW":420,"sourceH":96},
"sliderband":{"x":98,"y":1430,"w":134,"h":35,"offX":0,"offY":0,"sourceW":134,"sourceH":35},
"sliderbg":{"x":843,"y":829,"w":149,"h":45,"offX":0,"offY":0,"sourceW":149,"sourceH":45},
"slider_point":{"x":1978,"y":491,"w":66,"h":66,"offX":0,"offY":0,"sourceW":66,"sourceH":66},
"star":{"x":1120,"y":422,"w":22,"h":23,"offX":0,"offY":0,"sourceW":22,"sourceH":23},
"star1":{"x":2023,"y":559,"w":22,"h":23,"offX":0,"offY":0,"sourceW":22,"sourceH":23},
"tan_pointer":{"x":837,"y":565,"w":184,"h":262,"offX":0,"offY":0,"sourceW":184,"sourceH":262},
"tan_titile":{"x":1444,"y":713,"w":419,"h":92,"offX":1,"offY":4,"sourceW":420,"sourceH":96},
"title_dog_img":{"x":195,"y":780,"w":419,"h":92,"offX":1,"offY":4,"sourceW":420,"sourceH":96},
"title_gain":{"x":1023,"y":807,"w":419,"h":92,"offX":1,"offY":4,"sourceW":420,"sourceH":96},
"title_gain_gold":{"x":1444,"y":807,"w":419,"h":92,"offX":1,"offY":4,"sourceW":420,"sourceH":96},
"title_gain_more_gold":{"x":1,"y":874,"w":419,"h":92,"offX":1,"offY":4,"sourceW":420,"sourceH":96},
"title_goldNot":{"x":422,"y":874,"w":419,"h":92,"offX":1,"offY":4,"sourceW":420,"sourceH":96},
"title_invite":{"x":843,"y":901,"w":419,"h":92,"offX":1,"offY":4,"sourceW":420,"sourceH":96},
"title_money":{"x":1264,"y":901,"w":419,"h":92,"offX":1,"offY":4,"sourceW":420,"sourceH":96},
"title_myDog":{"x":1,"y":968,"w":419,"h":92,"offX":1,"offY":4,"sourceW":420,"sourceH":96},
"title_online_gold":{"x":422,"y":968,"w":419,"h":92,"offX":1,"offY":4,"sourceW":420,"sourceH":96},
"title_perfect":{"x":843,"y":995,"w":419,"h":92,"offX":1,"offY":4,"sourceW":420,"sourceH":96},
"title_recover":{"x":1264,"y":995,"w":419,"h":92,"offX":1,"offY":4,"sourceW":420,"sourceH":96},
"title_setup":{"x":1,"y":1062,"w":419,"h":92,"offX":1,"offY":4,"sourceW":420,"sourceH":96},
"title_speedup":{"x":422,"y":1062,"w":419,"h":92,"offX":1,"offY":4,"sourceW":420,"sourceH":96},
"title_tip":{"x":843,"y":1089,"w":419,"h":92,"offX":1,"offY":4,"sourceW":420,"sourceH":96},
"water":{"x":737,"y":1254,"w":88,"h":38,"offX":98,"offY":31,"sourceW":208,"sourceH":93},
"window_gold_bg":{"x":1023,"y":639,"w":308,"h":68,"offX":0,"offY":0,"sourceW":308,"sourceH":68}}}