{"file":"main.png","frames":{
"alert_bg":{"x":1,"y":1,"w":599,"h":569,"offX":0,"offY":0,"sourceW":599,"sourceH":569},
"apcc_bg":{"x":1097,"y":1,"w":701,"h":110,"offX":0,"offY":0,"sourceW":701,"sourceH":110},
"apcc_effect":{"x":1954,"y":903,"w":85,"h":85,"offX":0,"offY":0,"sourceW":85,"sourceH":85},
"blank":{"x":1780,"y":113,"w":10,"h":10,"offX":0,"offY":0,"sourceW":10,"sourceH":10},
"btn_activity":{"x":585,"y":1671,"w":95,"h":120,"offX":0,"offY":0,"sourceW":95,"sourceH":120},
"btn_addSpeed_apcc":{"x":1384,"y":113,"w":394,"h":151,"offX":0,"offY":0,"sourceW":394,"sourceH":151},
"btn_addSpeed_video":{"x":1384,"y":266,"w":394,"h":151,"offX":0,"offY":0,"sourceW":394,"sourceH":151},
"btn_blue":{"x":1323,"y":863,"w":164,"h":77,"offX":0,"offY":0,"sourceW":164,"sourceH":77},
"btn_close":{"x":1954,"y":990,"w":77,"h":84,"offX":0,"offY":0,"sourceW":77,"sourceH":84},
"btn_dog":{"x":397,"y":1522,"w":208,"h":93,"offX":0,"offY":0,"sourceW":208,"sourceH":93},
"btn_dog11_15":{"x":887,"y":696,"w":113,"h":107,"offX":0,"offY":0,"sourceW":113,"sourceH":107},
"btn_dog16-20":{"x":1680,"y":1614,"w":107,"h":107,"offX":3,"offY":0,"sourceW":113,"sourceH":107},
"btn_dog16_20":{"x":1789,"y":1614,"w":107,"h":107,"offX":3,"offY":0,"sourceW":113,"sourceH":107},
"btn_dog1_5":{"x":1932,"y":1130,"w":110,"h":107,"offX":3,"offY":0,"sourceW":113,"sourceH":107},
"btn_dog21_25":{"x":1898,"y":794,"w":113,"h":107,"offX":0,"offY":0,"sourceW":113,"sourceH":107},
"btn_dog26_30":{"x":1,"y":1643,"w":107,"h":107,"offX":3,"offY":0,"sourceW":113,"sourceH":107},
"btn_dog31_37":{"x":1462,"y":1602,"w":107,"h":107,"offX":3,"offY":0,"sourceW":113,"sourceH":107},
"btn_dog38_42":{"x":1571,"y":1602,"w":107,"h":107,"offX":3,"offY":0,"sourceW":113,"sourceH":107},
"btn_dog43":{"x":888,"y":1604,"w":107,"h":107,"offX":3,"offY":0,"sourceW":113,"sourceH":107},
"btn_dog44":{"x":997,"y":1604,"w":107,"h":107,"offX":3,"offY":0,"sourceW":113,"sourceH":107},
"btn_dog6_10":{"x":778,"y":1579,"w":108,"h":107,"offX":2,"offY":0,"sourceW":113,"sourceH":107},
"btn_dogImg":{"x":1215,"y":1669,"w":95,"h":120,"offX":0,"offY":0,"sourceW":95,"sourceH":120},
"btn_goldGainBg":{"x":602,"y":375,"w":541,"h":97,"offX":4,"offY":4,"sourceW":545,"sourceH":101},
"btn_howgame":{"x":682,"y":1688,"w":95,"h":120,"offX":0,"offY":0,"sourceW":95,"sourceH":120},
"btn_invite_pyq":{"x":1132,"y":1434,"w":74,"h":72,"offX":0,"offY":0,"sourceW":74,"sourceH":72},
"btn_invite_qq":{"x":1948,"y":1527,"w":74,"h":72,"offX":0,"offY":0,"sourceW":74,"sourceH":72},
"btn_invite_wb":{"x":110,"y":1643,"w":74,"h":72,"offX":0,"offY":0,"sourceW":74,"sourceH":72},
"btn_invite_wx":{"x":110,"y":1717,"w":74,"h":72,"offX":0,"offY":0,"sourceW":74,"sourceH":72},
"btn_invite_zone":{"x":1056,"y":1434,"w":74,"h":72,"offX":0,"offY":0,"sourceW":74,"sourceH":72},
"btn_jiaSu":{"x":1182,"y":1577,"w":169,"h":90,"offX":0,"offY":0,"sourceW":169,"sourceH":90},
"btn_look":{"x":1,"y":1475,"w":394,"h":71,"offX":0,"offY":0,"sourceW":394,"sourceH":71},
"btn_money":{"x":1898,"y":681,"w":110,"h":111,"offX":0,"offY":0,"sourceW":110,"sourceH":111},
"btn_msg":{"x":1046,"y":474,"w":95,"h":120,"offX":0,"offY":0,"sourceW":95,"sourceH":120},
"btn_offline":{"x":662,"y":1434,"w":392,"h":73,"offX":0,"offY":0,"sourceW":392,"sourceH":73},
"btn_rest":{"x":876,"y":1713,"w":96,"h":105,"offX":0,"offY":0,"sourceW":96,"sourceH":105},
"btn_shop":{"x":196,"y":1548,"w":169,"h":90,"offX":0,"offY":0,"sourceW":169,"sourceH":90},
"btn_shop_close":{"x":802,"y":313,"w":198,"h":48,"offX":0,"offY":0,"sourceW":198,"sourceH":48},
"btn_shop_gem":{"x":848,"y":1007,"w":198,"h":44,"offX":0,"offY":2,"sourceW":198,"sourceH":48},
"btn_shop_gold":{"x":602,"y":313,"w":198,"h":48,"offX":0,"offY":0,"sourceW":198,"sourceH":48},
"btn_start":{"x":422,"y":1388,"w":238,"h":132,"offX":0,"offY":0,"sourceW":238,"sourceH":132},
"btn_steup":{"x":779,"y":1688,"w":95,"h":120,"offX":0,"offY":0,"sourceW":95,"sourceH":120},
"btn_sure":{"x":1721,"y":1504,"w":225,"h":108,"offX":0,"offY":0,"sourceW":228,"sourceH":110},
"btn_syellow":{"x":1717,"y":1723,"w":98,"h":48,"offX":0,"offY":0,"sourceW":98,"sourceH":48},
"btn_transfer":{"x":1948,"y":1405,"w":95,"h":120,"offX":0,"offY":0,"sourceW":95,"sourceH":120},
"btn_video":{"x":1898,"y":903,"w":38,"h":39,"offX":0,"offY":0,"sourceW":38,"sourceH":39},
"btn_water":{"x":972,"y":1509,"w":208,"h":93,"offX":0,"offY":0,"sourceW":208,"sourceH":93},
"btn_yellow":{"x":1881,"y":1326,"w":164,"h":77,"offX":0,"offY":0,"sourceW":164,"sourceH":77},
"btn_yqjuan":{"x":607,"y":1579,"w":169,"h":90,"offX":0,"offY":0,"sourceW":169,"sourceH":90},
"dogimg_line":{"x":602,"y":363,"w":463,"h":2,"offX":0,"offY":0,"sourceW":463,"sourceH":2},
"dog_bom_effect":{"x":1,"y":1548,"w":193,"h":93,"offX":0,"offY":0,"sourceW":193,"sourceH":93},
"gem_big":{"x":2002,"y":237,"w":42,"h":61,"offX":0,"offY":0,"sourceW":42,"sourceH":61},
"gem_small":{"x":567,"y":618,"w":29,"h":42,"offX":0,"offY":0,"sourceW":29,"sourceH":42},
"gold":{"x":2010,"y":681,"w":35,"h":39,"offX":0,"offY":0,"sourceW":35,"sourceH":39},
"goldGainPro":{"x":1489,"y":903,"w":214,"h":19,"offX":0,"offY":0,"sourceW":214,"sourceH":19},
"gold_1":{"x":1744,"y":945,"w":208,"h":183,"offX":0,"offY":0,"sourceW":208,"sourceH":183},
"gold_2":{"x":1800,"y":1,"w":246,"h":234,"offX":0,"offY":0,"sourceW":246,"sourceH":234},
"gold_3":{"x":1097,"y":113,"w":285,"h":260,"offX":0,"offY":0,"sourceW":285,"sourceH":260},
"gold_bg":{"x":1459,"y":1504,"w":260,"h":96,"offX":0,"offY":0,"sourceW":260,"sourceH":96},
"head_hongbao":{"x":1106,"y":1669,"w":107,"h":107,"offX":3,"offY":0,"sourceW":113,"sourceH":107},
"hean_fenhong":{"x":1353,"y":1602,"w":107,"h":107,"offX":3,"offY":0,"sourceW":113,"sourceH":107},
"item_bg":{"x":1932,"y":1239,"w":75,"h":73,"offX":0,"offY":0,"sourceW":75,"sourceH":73},
"label":{"x":1109,"y":819,"w":120,"h":18,"offX":0,"offY":0,"sourceW":120,"sourceH":18},
"logo_apcc":{"x":567,"y":572,"w":28,"h":44,"offX":1,"offY":0,"sourceW":30,"sourceH":44},
"money_fu":{"x":1312,"y":1711,"w":100,"h":101,"offX":0,"offY":0,"sourceW":100,"sourceH":101},
"money_meng":{"x":1414,"y":1711,"w":100,"h":101,"offX":0,"offY":0,"sourceW":100,"sourceH":101},
"money_yong":{"x":1618,"y":1723,"w":97,"h":101,"offX":1,"offY":0,"sourceW":100,"sourceH":101},
"money_zhi":{"x":1516,"y":1711,"w":100,"h":101,"offX":0,"offY":0,"sourceW":100,"sourceH":101},
"money_zhong":{"x":974,"y":1713,"w":99,"h":100,"offX":1,"offY":1,"sourceW":100,"sourceH":101},
"my_dog_bg":{"x":602,"y":1,"w":493,"h":310,"offX":0,"offY":0,"sourceW":493,"sourceH":310},
"perfect_effect":{"x":445,"y":572,"w":120,"h":106,"offX":0,"offY":0,"sourceW":120,"sourceH":106},
"perfect_fuzi":{"x":2002,"y":300,"w":43,"h":43,"offX":23,"offY":20,"sourceW":90,"sourceH":90},
"perfect_meng":{"x":1002,"y":696,"w":40,"h":43,"offX":24,"offY":20,"sourceW":90,"sourceH":90},
"perfect_yong":{"x":1002,"y":741,"w":38,"h":45,"offX":25,"offY":19,"sourceW":90,"sourceH":90},
"perfect_zhi":{"x":2002,"y":345,"w":43,"h":43,"offX":23,"offY":20,"sourceW":90,"sourceH":90},
"perfect_zhong":{"x":2002,"y":390,"w":43,"h":42,"offX":24,"offY":20,"sourceW":90,"sourceH":90},
"setup_tile":{"x":422,"y":1200,"w":419,"h":92,"offX":1,"offY":3,"sourceW":420,"sourceH":95},
"sh":{"x":1002,"y":313,"w":88,"h":39,"offX":102,"offY":27,"sourceW":208,"sourceH":93},
"shop11_15":{"x":1264,"y":1415,"w":193,"h":160,"offX":10,"offY":32,"sourceW":220,"sourceH":220},
"shop16_20":{"x":445,"y":696,"w":218,"h":220,"offX":0,"offY":0,"sourceW":220,"sourceH":220},
"shop1_5":{"x":1685,"y":1326,"w":194,"h":176,"offX":17,"offY":27,"sourceW":220,"sourceH":220},
"shop21_25":{"x":887,"y":819,"w":220,"h":186,"offX":0,"offY":21,"sourceW":220,"sourceH":220},
"shop26_30":{"x":1109,"y":863,"w":212,"h":193,"offX":5,"offY":16,"sourceW":220,"sourceH":220},
"shop31_37":{"x":665,"y":696,"w":220,"h":216,"offX":0,"offY":0,"sourceW":220,"sourceH":220},
"shop38":{"x":1780,"y":237,"w":220,"h":220,"offX":0,"offY":0,"sourceW":220,"sourceH":220},
"shop39":{"x":1145,"y":375,"w":220,"h":220,"offX":0,"offY":0,"sourceW":220,"sourceH":220},
"shop40":{"x":1367,"y":419,"w":220,"h":220,"offX":0,"offY":0,"sourceW":220,"sourceH":220},
"shop41":{"x":1589,"y":459,"w":220,"h":220,"offX":0,"offY":0,"sourceW":220,"sourceH":220},
"shop42":{"x":1811,"y":459,"w":220,"h":220,"offX":0,"offY":0,"sourceW":220,"sourceH":220},
"shop43":{"x":1,"y":794,"w":211,"h":209,"offX":3,"offY":10,"sourceW":220,"sourceH":220},
"shop44":{"x":602,"y":474,"w":220,"h":220,"offX":0,"offY":0,"sourceW":220,"sourceH":220},
"shop6_10":{"x":1744,"y":1130,"w":186,"h":194,"offX":18,"offY":15,"sourceW":220,"sourceH":220},
"shop_point":{"x":1610,"y":1415,"w":66,"h":66,"offX":0,"offY":0,"sourceW":66,"sourceH":66},
"shop_title":{"x":1,"y":1193,"w":419,"h":92,"offX":1,"offY":4,"sourceW":420,"sourceH":96},
"sliderband":{"x":1589,"y":419,"w":134,"h":35,"offX":0,"offY":0,"sourceW":134,"sourceH":35},
"sliderbg":{"x":1459,"y":1415,"w":149,"h":45,"offX":0,"offY":0,"sourceW":149,"sourceH":45},
"slider_point":{"x":1182,"y":1508,"w":66,"h":66,"offX":0,"offY":0,"sourceW":66,"sourceH":66},
"star":{"x":1725,"y":419,"w":22,"h":23,"offX":0,"offY":0,"sourceW":22,"sourceH":23},
"tan_pointer":{"x":1712,"y":681,"w":184,"h":262,"offX":0,"offY":0,"sourceW":184,"sourceH":262},
"tan_titile":{"x":1264,"y":1227,"w":419,"h":92,"offX":1,"offY":4,"sourceW":420,"sourceH":96},
"title_dog_img":{"x":843,"y":1246,"w":419,"h":92,"offX":1,"offY":4,"sourceW":420,"sourceH":96},
"title_gain":{"x":1,"y":1287,"w":419,"h":92,"offX":1,"offY":4,"sourceW":420,"sourceH":96},
"title_gain_gold":{"x":422,"y":1294,"w":419,"h":92,"offX":1,"offY":4,"sourceW":420,"sourceH":96},
"title_gain_more_gold":{"x":1264,"y":1321,"w":419,"h":92,"offX":1,"offY":4,"sourceW":420,"sourceH":96},
"title_goldNot":{"x":427,"y":918,"w":419,"h":92,"offX":1,"offY":4,"sourceW":420,"sourceH":96},
"title_invite":{"x":1323,"y":945,"w":419,"h":92,"offX":1,"offY":4,"sourceW":420,"sourceH":96},
"title_money":{"x":1,"y":1005,"w":419,"h":92,"offX":1,"offY":4,"sourceW":420,"sourceH":96},
"title_myDog":{"x":422,"y":1012,"w":419,"h":92,"offX":1,"offY":4,"sourceW":420,"sourceH":96},
"title_online_gold":{"x":1323,"y":1039,"w":419,"h":92,"offX":1,"offY":4,"sourceW":420,"sourceH":96},
"title_perfect":{"x":843,"y":1058,"w":419,"h":92,"offX":1,"offY":4,"sourceW":420,"sourceH":96},
"title_recover":{"x":1,"y":1099,"w":419,"h":92,"offX":1,"offY":4,"sourceW":420,"sourceH":96},
"title_setup":{"x":422,"y":1106,"w":419,"h":92,"offX":1,"offY":4,"sourceW":420,"sourceH":96},
"title_speedup":{"x":1264,"y":1133,"w":419,"h":92,"offX":1,"offY":4,"sourceW":420,"sourceH":96},
"title_tip":{"x":843,"y":1152,"w":419,"h":92,"offX":1,"offY":4,"sourceW":420,"sourceH":96},
"water":{"x":1268,"y":597,"w":88,"h":38,"offX":98,"offY":31,"sourceW":208,"sourceH":93},
"window_gold_bg":{"x":662,"y":1509,"w":308,"h":68,"offX":0,"offY":0,"sourceW":308,"sourceH":68},
"商店_38分红犬":{"x":824,"y":474,"w":220,"h":220,"offX":0,"offY":0,"sourceW":220,"sourceH":220},
"商店_38碎片犬_勇":{"x":1,"y":572,"w":220,"h":220,"offX":0,"offY":0,"sourceW":220,"sourceH":220},
"商店_38碎片犬_忠":{"x":223,"y":572,"w":220,"h":220,"offX":0,"offY":0,"sourceW":220,"sourceH":220},
"商店_38碎片犬_智":{"x":1046,"y":597,"w":220,"h":220,"offX":0,"offY":0,"sourceW":220,"sourceH":220},
"商店_38碎片犬_福":{"x":1268,"y":641,"w":220,"h":220,"offX":0,"offY":0,"sourceW":220,"sourceH":220},
"商店_38碎片犬_萌":{"x":1490,"y":681,"w":220,"h":220,"offX":0,"offY":0,"sourceW":220,"sourceH":220},
"商店_38红包犬":{"x":214,"y":794,"w":211,"h":209,"offX":3,"offY":10,"sourceW":220,"sourceH":220},
"我的_分红犬":{"x":1898,"y":1614,"w":107,"h":107,"offX":3,"offY":0,"sourceW":113,"sourceH":107},
"我的_恭喜发大财":{"x":367,"y":1617,"w":107,"h":107,"offX":3,"offY":0,"sourceW":113,"sourceH":107},
"我的_红包犬":{"x":476,"y":1617,"w":107,"h":107,"offX":3,"offY":0,"sourceW":113,"sourceH":107},
"我的_贵宾":{"x":196,"y":1640,"w":107,"h":107,"offX":3,"offY":0,"sourceW":113,"sourceH":107},
"标题栏_合成分红犬":{"x":843,"y":1340,"w":419,"h":92,"offX":1,"offY":4,"sourceW":420,"sourceH":96},
"标题栏_生成完美狗狗":{"x":1,"y":1381,"w":419,"h":92,"offX":1,"offY":4,"sourceW":420,"sourceH":96}}}