{"file":"main.png","frames":{
"alert_bg":{"x":0,"y":0,"w":599,"h":569,"offX":0,"offY":0,"sourceW":599,"sourceH":569},
"apcc_bg":{"x":1096,"y":0,"w":701,"h":110,"offX":0,"offY":0,"sourceW":701,"sourceH":110},
"apcc_effect":{"x":859,"y":1018,"w":85,"h":85,"offX":0,"offY":0,"sourceW":85,"sourceH":85},
"blank":{"x":1779,"y":112,"w":10,"h":10,"offX":0,"offY":0,"sourceW":10,"sourceH":10},
"btn_activity":{"x":1153,"y":1306,"w":95,"h":120,"offX":0,"offY":0,"sourceW":95,"sourceH":120},
"btn_addSpeed_apcc":{"x":1383,"y":112,"w":394,"h":151,"offX":0,"offY":0,"sourceW":394,"sourceH":151},
"btn_addSpeed_video":{"x":1383,"y":265,"w":394,"h":151,"offX":0,"offY":0,"sourceW":394,"sourceH":151},
"btn_blue":{"x":421,"y":571,"w":164,"h":77,"offX":0,"offY":0,"sourceW":164,"sourceH":77},
"btn_close":{"x":1069,"y":1105,"w":77,"h":84,"offX":0,"offY":0,"sourceW":77,"sourceH":84},
"btn_dog":{"x":859,"y":1105,"w":208,"h":93,"offX":0,"offY":0,"sourceW":208,"sourceH":93},
"btn_dog11_15":{"x":555,"y":1208,"w":107,"h":107,"offX":3,"offY":6,"sourceW":113,"sourceH":113},
"btn_dog16_20":{"x":1451,"y":1204,"w":110,"h":107,"offX":3,"offY":3,"sourceW":113,"sourceH":113},
"btn_dog1_5":{"x":761,"y":1309,"w":107,"h":106,"offX":3,"offY":7,"sourceW":113,"sourceH":113},
"btn_dog21_25":{"x":1672,"y":1204,"w":108,"h":107,"offX":2,"offY":3,"sourceW":113,"sourceH":113},
"btn_dog26_30":{"x":832,"y":1200,"w":113,"h":107,"offX":0,"offY":3,"sourceW":113,"sourceH":113},
"btn_dog31_37":{"x":0,"y":1222,"w":107,"h":107,"offX":3,"offY":3,"sourceW":113,"sourceH":113},
"btn_dog38":{"x":337,"y":1203,"w":107,"h":111,"offX":3,"offY":2,"sourceW":113,"sourceH":113},
"btn_dog39":{"x":1563,"y":1204,"w":107,"h":109,"offX":3,"offY":4,"sourceW":113,"sourceH":113},
"btn_dog40":{"x":446,"y":1208,"w":107,"h":107,"offX":3,"offY":3,"sourceW":113,"sourceH":113},
"btn_dog41":{"x":947,"y":1200,"w":107,"h":113,"offX":3,"offY":0,"sourceW":113,"sourceH":113},
"btn_dog42":{"x":1384,"y":1313,"w":107,"h":106,"offX":3,"offY":7,"sourceW":113,"sourceH":113},
"btn_dog43":{"x":1891,"y":1218,"w":107,"h":107,"offX":3,"offY":3,"sourceW":113,"sourceH":113},
"btn_dog44":{"x":1069,"y":1191,"w":107,"h":113,"offX":3,"offY":0,"sourceW":113,"sourceH":113},
"btn_dog6_10":{"x":1672,"y":1313,"w":107,"h":106,"offX":3,"offY":7,"sourceW":113,"sourceH":113},
"btn_dogImg":{"x":1287,"y":1272,"w":95,"h":120,"offX":0,"offY":0,"sourceW":95,"sourceH":120},
"btn_goldGainBg":{"x":601,"y":374,"w":541,"h":97,"offX":4,"offY":4,"sourceW":545,"sourceH":101},
"btn_howgame":{"x":664,"y":1229,"w":95,"h":120,"offX":0,"offY":0,"sourceW":95,"sourceH":120},
"btn_invite_pyq":{"x":1250,"y":1394,"w":74,"h":72,"offX":0,"offY":0,"sourceW":74,"sourceH":72},
"btn_invite_qq":{"x":608,"y":1398,"w":74,"h":72,"offX":0,"offY":0,"sourceW":74,"sourceH":72},
"btn_invite_wb":{"x":684,"y":1398,"w":74,"h":72,"offX":0,"offY":0,"sourceW":74,"sourceH":72},
"btn_invite_wx":{"x":77,"y":1359,"w":74,"h":72,"offX":0,"offY":0,"sourceW":74,"sourceH":72},
"btn_invite_zone":{"x":153,"y":1359,"w":74,"h":72,"offX":0,"offY":0,"sourceW":74,"sourceH":72},
"btn_jiaSu":{"x":378,"y":1111,"w":169,"h":90,"offX":0,"offY":0,"sourceW":169,"sourceH":90},
"btn_look":{"x":0,"y":947,"w":394,"h":71,"offX":0,"offY":0,"sourceW":394,"sourceH":71},
"btn_money":{"x":720,"y":1116,"w":110,"h":111,"offX":0,"offY":0,"sourceW":110,"sourceH":111},
"btn_msg":{"x":109,"y":1237,"w":95,"h":120,"offX":0,"offY":0,"sourceW":95,"sourceH":120},
"btn_offline":{"x":597,"y":943,"w":392,"h":73,"offX":0,"offY":0,"sourceW":392,"sourceH":73},
"btn_rest":{"x":1165,"y":943,"w":96,"h":105,"offX":0,"offY":0,"sourceW":96,"sourceH":105},
"btn_shop":{"x":549,"y":1116,"w":169,"h":90,"offX":0,"offY":0,"sourceW":169,"sourceH":90},
"btn_shop_close":{"x":801,"y":312,"w":198,"h":48,"offX":0,"offY":0,"sourceW":198,"sourceH":48},
"btn_shop_gem":{"x":1263,"y":682,"w":198,"h":44,"offX":0,"offY":2,"sourceW":198,"sourceH":48},
"btn_shop_gold":{"x":601,"y":312,"w":198,"h":48,"offX":0,"offY":0,"sourceW":198,"sourceH":48},
"btn_sound":{"x":1165,"y":1057,"w":151,"h":132,"offX":0,"offY":0,"sourceW":151,"sourceH":132},
"btn_start":{"x":1263,"y":923,"w":238,"h":132,"offX":0,"offY":0,"sourceW":238,"sourceH":132},
"btn_steup":{"x":206,"y":1237,"w":95,"h":120,"offX":0,"offY":0,"sourceW":95,"sourceH":120},
"btn_sure":{"x":0,"y":1020,"w":225,"h":108,"offX":0,"offY":0,"sourceW":228,"sourceH":110},
"btn_syellow":{"x":1463,"y":682,"w":98,"h":48,"offX":0,"offY":0,"sourceW":98,"sourceH":48},
"btn_transfer":{"x":1056,"y":1306,"w":95,"h":120,"offX":0,"offY":0,"sourceW":95,"sourceH":120},
"btn_video":{"x":378,"y":1020,"w":38,"h":39,"offX":0,"offY":0,"sourceW":38,"sourceH":39},
"btn_water":{"x":1488,"y":1109,"w":208,"h":93,"offX":0,"offY":0,"sourceW":208,"sourceH":93},
"btn_yellow":{"x":171,"y":1158,"w":164,"h":77,"offX":0,"offY":0,"sourceW":164,"sourceH":77},
"btn_yqjuan":{"x":0,"y":1130,"w":169,"h":90,"offX":0,"offY":0,"sourceW":169,"sourceH":90},
"deam_line":{"x":0,"y":1441,"w":513,"h":3,"offX":0,"offY":0,"sourceW":513,"sourceH":3},
"deam_samll_bg":{"x":2016,"y":376,"w":20,"h":20,"offX":0,"offY":0,"sourceW":20,"sourceH":20},
"dog43":{"x":1782,"y":1204,"w":107,"h":107,"offX":3,"offY":3,"sourceW":113,"sourceH":113},
"dog44":{"x":1178,"y":1191,"w":107,"h":113,"offX":3,"offY":0,"sourceW":113,"sourceH":113},
"dogimg_line":{"x":601,"y":362,"w":463,"h":2,"offX":0,"offY":0,"sourceW":463,"sourceH":2},
"dog_bom_effect":{"x":1698,"y":1109,"w":193,"h":93,"offX":0,"offY":0,"sourceW":193,"sourceH":93},
"gem_big":{"x":1986,"y":576,"w":42,"h":61,"offX":0,"offY":0,"sourceW":42,"sourceH":61},
"gem_small":{"x":2016,"y":282,"w":29,"h":42,"offX":0,"offY":0,"sourceW":29,"sourceH":42},
"gold":{"x":378,"y":1061,"w":35,"h":39,"offX":0,"offY":0,"sourceW":35,"sourceH":39},
"goldGainPro":{"x":297,"y":1420,"w":214,"h":19,"offX":0,"offY":0,"sourceW":214,"sourceH":19},
"gold_1":{"x":1684,"y":735,"w":208,"h":183,"offX":0,"offY":0,"sourceW":208,"sourceH":183},
"gold_2":{"x":1799,"y":0,"w":246,"h":234,"offX":0,"offY":0,"sourceW":246,"sourceH":234},
"gold_3":{"x":1096,"y":112,"w":285,"h":260,"offX":0,"offY":0,"sourceW":285,"sourceH":260},
"gold_bg":{"x":597,"y":1018,"w":260,"h":96,"offX":0,"offY":0,"sourceW":260,"sourceH":96},
"item_bg":{"x":0,"y":1331,"w":75,"h":73,"offX":0,"offY":0,"sourceW":75,"sourceH":73},
"label":{"x":1565,"y":418,"w":120,"h":18,"offX":0,"offY":0,"sourceW":120,"sourceH":18},
"logo_apcc":{"x":2016,"y":236,"w":28,"h":44,"offX":1,"offY":0,"sourceW":30,"sourceH":44},
"lv_bg":{"x":1986,"y":453,"w":48,"h":121,"offX":0,"offY":0,"sourceW":48,"sourceH":121},
"money_fu":{"x":303,"y":1316,"w":100,"h":101,"offX":0,"offY":0,"sourceW":100,"sourceH":101},
"money_meng":{"x":405,"y":1317,"w":100,"h":101,"offX":0,"offY":0,"sourceW":100,"sourceH":101},
"money_yong":{"x":1883,"y":1327,"w":97,"h":101,"offX":1,"offY":0,"sourceW":100,"sourceH":101},
"money_zhi":{"x":1781,"y":1313,"w":100,"h":101,"offX":0,"offY":0,"sourceW":100,"sourceH":101},
"money_zhong":{"x":507,"y":1317,"w":99,"h":100,"offX":1,"offY":1,"sourceW":100,"sourceH":101},
"my_dog_bg":{"x":601,"y":0,"w":493,"h":310,"offX":0,"offY":0,"sourceW":493,"sourceH":310},
"perfect_effect":{"x":1022,"y":473,"w":120,"h":106,"offX":0,"offY":0,"sourceW":120,"sourceH":106},
"perfect_fuzi":{"x":1332,"y":634,"w":43,"h":43,"offX":23,"offY":20,"sourceW":90,"sourceH":90},
"perfect_meng":{"x":1986,"y":683,"w":40,"h":43,"offX":24,"offY":20,"sourceW":90,"sourceH":90},
"perfect_yong":{"x":946,"y":1018,"w":38,"h":45,"offX":25,"offY":19,"sourceW":90,"sourceH":90},
"perfect_zhi":{"x":1332,"y":589,"w":43,"h":43,"offX":23,"offY":20,"sourceW":90,"sourceH":90},
"perfect_zhong":{"x":1986,"y":639,"w":43,"h":42,"offX":24,"offY":20,"sourceW":90,"sourceH":90},
"setup_tile":{"x":601,"y":473,"w":419,"h":92,"offX":1,"offY":3,"sourceW":420,"sourceH":95},
"sh":{"x":1001,"y":312,"w":88,"h":39,"offX":102,"offY":27,"sourceW":208,"sourceH":93},
"shop11_15":{"x":1318,"y":1177,"w":131,"h":93,"offX":81,"offY":119,"sourceW":300,"sourceH":300},
"shop16_20":{"x":227,"y":1020,"w":149,"h":136,"offX":69,"offY":96,"sourceW":300,"sourceH":300},
"shop1_5":{"x":870,"y":1315,"w":131,"h":83,"offX":62,"offY":128,"sourceW":300,"sourceH":300},
"shop21_25":{"x":1894,"y":735,"w":142,"h":147,"offX":74,"offY":81,"sourceW":300,"sourceH":300},
"shop26_30":{"x":1318,"y":1057,"w":168,"h":118,"offX":70,"offY":97,"sourceW":300,"sourceH":300},
"shop31_37":{"x":1503,"y":923,"w":173,"h":170,"offX":59,"offY":54,"sourceW":300,"sourceH":300},
"shop38":{"x":1684,"y":920,"w":180,"h":187,"offX":57,"offY":59,"sourceW":300,"sourceH":300},
"shop39":{"x":1893,"y":1092,"w":131,"h":124,"offX":73,"offY":90,"sourceW":300,"sourceH":300},
"shop40":{"x":1866,"y":920,"w":177,"h":170,"offX":48,"offY":55,"sourceW":300,"sourceH":300},
"shop41":{"x":991,"y":943,"w":172,"h":160,"offX":58,"offY":55,"sourceW":300,"sourceH":300},
"shop42":{"x":1779,"y":236,"w":235,"h":215,"offX":0,"offY":13,"sourceW":300,"sourceH":300},
"shop43":{"x":421,"y":943,"w":174,"h":166,"offX":56,"offY":64,"sourceW":300,"sourceH":300},
"shop44":{"x":1144,"y":374,"w":233,"h":213,"offX":0,"offY":0,"sourceW":300,"sourceH":300},
"shop6_10":{"x":1493,"y":1315,"w":117,"h":90,"offX":77,"offY":125,"sourceW":300,"sourceH":300},
"shop_point":{"x":229,"y":1359,"w":66,"h":66,"offX":0,"offY":0,"sourceW":66,"sourceH":66},
"shop_title":{"x":1565,"y":453,"w":419,"h":92,"offX":1,"offY":4,"sourceW":420,"sourceH":96},
"sliderband":{"x":870,"y":1400,"w":134,"h":35,"offX":0,"offY":0,"sourceW":134,"sourceH":35},
"sliderbg":{"x":608,"y":1351,"w":149,"h":45,"offX":0,"offY":0,"sourceW":149,"sourceH":45},
"slider_point":{"x":761,"y":1229,"w":66,"h":66,"offX":0,"offY":0,"sourceW":66,"sourceH":66},
"star":{"x":2016,"y":326,"w":22,"h":23,"offX":0,"offY":0,"sourceW":22,"sourceH":23},
"star1":{"x":2016,"y":351,"w":22,"h":23,"offX":0,"offY":0,"sourceW":22,"sourceH":23},
"tan_pointer":{"x":1379,"y":418,"w":184,"h":262,"offX":0,"offY":0,"sourceW":184,"sourceH":262},
"tan_titile":{"x":1565,"y":547,"w":419,"h":92,"offX":1,"offY":4,"sourceW":420,"sourceH":96},
"title_dog_img":{"x":601,"y":567,"w":419,"h":92,"offX":1,"offY":4,"sourceW":420,"sourceH":96},
"title_gain":{"x":0,"y":571,"w":419,"h":92,"offX":1,"offY":4,"sourceW":420,"sourceH":96},
"title_gain_gold":{"x":1565,"y":641,"w":419,"h":92,"offX":1,"offY":4,"sourceW":420,"sourceH":96},
"title_gain_more_gold":{"x":421,"y":661,"w":419,"h":92,"offX":1,"offY":4,"sourceW":420,"sourceH":96},
"title_goldNot":{"x":842,"y":661,"w":419,"h":92,"offX":1,"offY":4,"sourceW":420,"sourceH":96},
"title_invite":{"x":0,"y":665,"w":419,"h":92,"offX":1,"offY":4,"sourceW":420,"sourceH":96},
"title_money":{"x":1263,"y":735,"w":419,"h":92,"offX":1,"offY":4,"sourceW":420,"sourceH":96},
"title_myDog":{"x":421,"y":755,"w":419,"h":92,"offX":1,"offY":4,"sourceW":420,"sourceH":96},
"title_online_gold":{"x":842,"y":755,"w":419,"h":92,"offX":1,"offY":4,"sourceW":420,"sourceH":96},
"title_perfect":{"x":0,"y":759,"w":419,"h":92,"offX":1,"offY":4,"sourceW":420,"sourceH":96},
"title_recover":{"x":1263,"y":829,"w":419,"h":92,"offX":1,"offY":4,"sourceW":420,"sourceH":96},
"title_setup":{"x":421,"y":849,"w":419,"h":92,"offX":1,"offY":4,"sourceW":420,"sourceH":96},
"title_speedup":{"x":842,"y":849,"w":419,"h":92,"offX":1,"offY":4,"sourceW":420,"sourceH":96},
"title_tip":{"x":0,"y":853,"w":419,"h":92,"offX":1,"offY":4,"sourceW":420,"sourceH":96},
"water":{"x":1493,"y":1407,"w":88,"h":38,"offX":98,"offY":31,"sourceW":208,"sourceH":93},
"window_gold_bg":{"x":1022,"y":589,"w":308,"h":68,"offX":0,"offY":0,"sourceW":308,"sourceH":68}}}