{"file":"main.png","frames":{
"alert_bg":{"x":538,"y":1,"w":599,"h":569,"offX":0,"offY":0,"sourceW":599,"sourceH":569},
"apcc_bg":{"x":1,"y":721,"w":701,"h":110,"offX":0,"offY":0,"sourceW":701,"sourceH":110},
"apcc_effect":{"x":110,"y":2028,"w":85,"h":85,"offX":0,"offY":0,"sourceW":85,"sourceH":85},
"blank":{"x":1941,"y":245,"w":10,"h":10,"offX":0,"offY":0,"sourceW":10,"sourceH":10},
"btn_activity":{"x":1941,"y":123,"w":95,"h":120,"offX":0,"offY":0,"sourceW":95,"sourceH":120},
"btn_addSpeed_apcc":{"x":1634,"y":485,"w":394,"h":151,"offX":0,"offY":0,"sourceW":394,"sourceH":151},
"btn_addSpeed_video":{"x":704,"y":572,"w":394,"h":151,"offX":0,"offY":0,"sourceW":394,"sourceH":151},
"btn_blue":{"x":1882,"y":638,"w":164,"h":77,"offX":0,"offY":0,"sourceW":164,"sourceH":77},
"btn_close":{"x":110,"y":1937,"w":77,"h":84,"offX":0,"offY":0,"sourceW":77,"sourceH":84},
"btn_dog":{"x":1041,"y":1883,"w":208,"h":93,"offX":0,"offY":0,"sourceW":208,"sourceH":93},
"btn_dog11_15":{"x":1913,"y":909,"w":113,"h":107,"offX":0,"offY":0,"sourceW":113,"sourceH":107},
"btn_dog16-20":{"x":1930,"y":1515,"w":107,"h":107,"offX":3,"offY":0,"sourceW":113,"sourceH":107},
"btn_dog16_20":{"x":1895,"y":1624,"w":107,"h":107,"offX":3,"offY":0,"sourceW":113,"sourceH":107},
"btn_dog1_5":{"x":1876,"y":1188,"w":110,"h":107,"offX":3,"offY":0,"sourceW":113,"sourceH":107},
"btn_dog21_25":{"x":1073,"y":1118,"w":113,"h":107,"offX":0,"offY":0,"sourceW":113,"sourceH":107},
"btn_dog26_30":{"x":1925,"y":1733,"w":107,"h":107,"offX":3,"offY":0,"sourceW":113,"sourceH":107},
"btn_dog30_36":{"x":189,"y":1919,"w":107,"h":107,"offX":3,"offY":0,"sourceW":113,"sourceH":107},
"btn_dog31_37":{"x":1654,"y":1919,"w":107,"h":107,"offX":3,"offY":0,"sourceW":113,"sourceH":107},
"btn_dog38_42":{"x":1041,"y":1978,"w":107,"h":107,"offX":3,"offY":0,"sourceW":113,"sourceH":107},
"btn_dog43":{"x":1360,"y":1978,"w":107,"h":107,"offX":3,"offY":0,"sourceW":113,"sourceH":107},
"btn_dog44":{"x":1930,"y":1406,"w":107,"h":107,"offX":3,"offY":0,"sourceW":113,"sourceH":107},
"btn_dog6_10":{"x":1930,"y":1297,"w":108,"h":107,"offX":2,"offY":0,"sourceW":113,"sourceH":107},
"btn_dogImg":{"x":1941,"y":1,"w":95,"h":120,"offX":0,"offY":0,"sourceW":95,"sourceH":120},
"btn_goldGainBg":{"x":1,"y":833,"w":541,"h":97,"offX":4,"offY":4,"sourceW":545,"sourceH":101},
"btn_howgame":{"x":445,"y":932,"w":95,"h":120,"offX":0,"offY":0,"sourceW":95,"sourceH":120},
"btn_invite_pyq":{"x":1,"y":2046,"w":74,"h":72,"offX":0,"offY":0,"sourceW":74,"sourceH":72},
"btn_invite_qq":{"x":1295,"y":1241,"w":74,"h":72,"offX":0,"offY":0,"sourceW":74,"sourceH":72},
"btn_invite_wb":{"x":298,"y":1919,"w":74,"h":72,"offX":0,"offY":0,"sourceW":74,"sourceH":72},
"btn_invite_wx":{"x":197,"y":2028,"w":74,"h":72,"offX":0,"offY":0,"sourceW":74,"sourceH":72},
"btn_invite_zone":{"x":1766,"y":2028,"w":74,"h":72,"offX":0,"offY":0,"sourceW":74,"sourceH":72},
"btn_jiaSu":{"x":1876,"y":1096,"w":169,"h":90,"offX":0,"offY":0,"sourceW":169,"sourceH":90},
"btn_look":{"x":779,"y":1810,"w":394,"h":71,"offX":0,"offY":0,"sourceW":394,"sourceH":71},
"btn_money":{"x":1913,"y":796,"w":110,"h":111,"offX":0,"offY":0,"sourceW":110,"sourceH":111},
"btn_msg":{"x":1469,"y":1978,"w":95,"h":120,"offX":0,"offY":0,"sourceW":95,"sourceH":120},
"btn_offline":{"x":385,"y":1810,"w":392,"h":73,"offX":0,"offY":0,"sourceW":392,"sourceH":73},
"btn_rest":{"x":298,"y":1995,"w":96,"h":105,"offX":0,"offY":0,"sourceW":96,"sourceH":105},
"btn_shop":{"x":1876,"y":355,"w":169,"h":90,"offX":0,"offY":0,"sourceW":169,"sourceH":90},
"btn_shop_close":{"x":422,"y":1382,"w":198,"h":48,"offX":0,"offY":0,"sourceW":198,"sourceH":48},
"btn_shop_gem":{"x":1264,"y":1513,"w":198,"h":48,"offX":0,"offY":0,"sourceW":198,"sourceH":48},
"btn_shop_gold":{"x":1566,"y":2028,"w":198,"h":48,"offX":0,"offY":0,"sourceW":198,"sourceH":48},
"btn_start":{"x":1685,"y":1785,"w":238,"h":132,"offX":0,"offY":0,"sourceW":238,"sourceH":132},
"btn_steup":{"x":1150,"y":1978,"w":95,"h":120,"offX":0,"offY":0,"sourceW":95,"sourceH":120},
"btn_sure":{"x":385,"y":1885,"w":225,"h":108,"offX":0,"offY":0,"sourceW":228,"sourceH":110},
"btn_syellow":{"x":1014,"y":725,"w":98,"h":48,"offX":0,"offY":0,"sourceW":98,"sourceH":48},
"btn_transfer":{"x":721,"y":1981,"w":95,"h":120,"offX":0,"offY":0,"sourceW":95,"sourceH":120},
"btn_video":{"x":628,"y":680,"w":38,"h":39,"offX":0,"offY":0,"sourceW":38,"sourceH":39},
"btn_water":{"x":1459,"y":1788,"w":208,"h":93,"offX":0,"offY":0,"sourceW":208,"sourceH":93},
"btn_yellow":{"x":1882,"y":717,"w":164,"h":77,"offX":0,"offY":0,"sourceW":164,"sourceH":77},
"btn_yqjuan":{"x":1876,"y":263,"w":169,"h":90,"offX":0,"offY":0,"sourceW":169,"sourceH":90},
"dogimg_line":{"x":818,"y":2100,"w":463,"h":2,"offX":0,"offY":0,"sourceW":463,"sourceH":2},
"dog_bom_effect":{"x":1459,"y":1883,"w":193,"h":93,"offX":0,"offY":0,"sourceW":193,"sourceH":93},
"gem_big":{"x":660,"y":572,"w":42,"h":61,"offX":0,"offY":0,"sourceW":42,"sourceH":61},
"gem_small":{"x":1100,"y":659,"w":29,"h":42,"offX":0,"offY":0,"sourceW":29,"sourceH":42},
"gold":{"x":1100,"y":572,"w":35,"h":39,"offX":0,"offY":0,"sourceW":35,"sourceH":39},
"goldGainBg":{"x":704,"y":797,"w":541,"h":97,"offX":4,"offY":4,"sourceW":545,"sourceH":101},
"goldGainPro":{"x":1264,"y":1563,"w":214,"h":19,"offX":0,"offY":0,"sourceW":214,"sourceH":19},
"gold_1":{"x":1685,"y":1600,"w":208,"h":183,"offX":0,"offY":0,"sourceW":208,"sourceH":183},
"gold_2":{"x":1634,"y":638,"w":246,"h":234,"offX":0,"offY":0,"sourceW":246,"sourceH":234},
"gold_3":{"x":1654,"y":1,"w":285,"h":260,"offX":0,"offY":0,"sourceW":285,"sourceH":260},
"gold_bg":{"x":779,"y":1883,"w":260,"h":96,"offX":0,"offY":0,"sourceW":260,"sourceH":96},
"gold_effect_bg":{"x":1139,"y":1,"w":513,"h":482,"offX":0,"offY":0,"sourceW":513,"sourceH":482},
"head_hongbao":{"x":1925,"y":1842,"w":107,"h":107,"offX":3,"offY":0,"sourceW":113,"sourceH":107},
"hean_fenhong":{"x":612,"y":1885,"w":107,"h":107,"offX":3,"offY":0,"sourceW":113,"sourceH":107},
"item_bg":{"x":1913,"y":1018,"w":75,"h":73,"offX":0,"offY":0,"sourceW":75,"sourceH":73},
"label":{"x":1014,"y":775,"w":120,"h":18,"offX":0,"offY":0,"sourceW":120,"sourceH":18},
"logo_apcc":{"x":1100,"y":613,"w":28,"h":44,"offX":1,"offY":0,"sourceW":30,"sourceH":44},
"money_fu":{"x":818,"y":1981,"w":100,"h":101,"offX":0,"offY":0,"sourceW":100,"sourceH":101},
"money_meng":{"x":920,"y":1981,"w":100,"h":101,"offX":0,"offY":0,"sourceW":100,"sourceH":101},
"money_yong":{"x":497,"y":1995,"w":97,"h":101,"offX":1,"offY":0,"sourceW":100,"sourceH":101},
"money_zhi":{"x":612,"y":1994,"w":100,"h":101,"offX":0,"offY":0,"sourceW":100,"sourceH":101},
"money_zhong":{"x":396,"y":1995,"w":99,"h":100,"offX":1,"offY":1,"sourceW":100,"sourceH":101},
"my_dog_bg":{"x":1139,"y":485,"w":493,"h":310,"offX":0,"offY":0,"sourceW":493,"sourceH":310},
"perfect_effect":{"x":538,"y":572,"w":120,"h":106,"offX":0,"offY":0,"sourceW":120,"sourceH":106},
"perfect_fuzi":{"x":1990,"y":1018,"w":43,"h":43,"offX":23,"offY":20,"sourceW":90,"sourceH":90},
"perfect_meng":{"x":660,"y":635,"w":40,"h":43,"offX":24,"offY":20,"sourceW":90,"sourceH":90},
"perfect_yong":{"x":490,"y":1054,"w":38,"h":45,"offX":25,"offY":19,"sourceW":90,"sourceH":90},
"perfect_zhi":{"x":634,"y":833,"w":43,"h":43,"offX":23,"offY":20,"sourceW":90,"sourceH":90},
"perfect_zhong":{"x":445,"y":1054,"w":43,"h":42,"offX":24,"offY":20,"sourceW":90,"sourceH":90},
"setup_tile":{"x":843,"y":1528,"w":419,"h":92,"offX":1,"offY":3,"sourceW":420,"sourceH":95},
"sh":{"x":538,"y":680,"w":88,"h":39,"offX":102,"offY":27,"sourceW":208,"sourceH":93},
"shop11_15":{"x":1264,"y":1788,"w":193,"h":160,"offX":10,"offY":32,"sourceW":220,"sourceH":220},
"shop16_20":{"x":631,"y":1118,"w":218,"h":220,"offX":0,"offY":0,"sourceW":220,"sourceH":220},
"shop1_5":{"x":189,"y":1741,"w":194,"h":176,"offX":17,"offY":27,"sourceW":220,"sourceH":220},
"shop21_25":{"x":1073,"y":1241,"w":220,"h":186,"offX":0,"offY":21,"sourceW":220,"sourceH":220},
"shop30_36":{"x":1295,"y":1318,"w":212,"h":193,"offX":5,"offY":16,"sourceW":220,"sourceH":220},
"shop31_37":{"x":851,"y":1118,"w":220,"h":216,"offX":0,"offY":0,"sourceW":220,"sourceH":220},
"shop38":{"x":766,"y":896,"w":220,"h":220,"offX":0,"offY":0,"sourceW":220,"sourceH":220},
"shop39":{"x":1654,"y":263,"w":220,"h":220,"offX":0,"offY":0,"sourceW":220,"sourceH":220},
"shop40":{"x":1247,"y":797,"w":220,"h":220,"offX":0,"offY":0,"sourceW":220,"sourceH":220},
"shop41":{"x":1469,"y":874,"w":220,"h":220,"offX":0,"offY":0,"sourceW":220,"sourceH":220},
"shop42":{"x":1691,"y":874,"w":220,"h":220,"offX":0,"offY":0,"sourceW":220,"sourceH":220},
"shop43":{"x":1,"y":1154,"w":211,"h":209,"offX":3,"offY":10,"sourceW":220,"sourceH":220},
"shop44":{"x":544,"y":896,"w":220,"h":220,"offX":0,"offY":0,"sourceW":220,"sourceH":220},
"shop6_10":{"x":1,"y":1741,"w":186,"h":194,"offX":18,"offY":15,"sourceW":220,"sourceH":220},
"shop_point":{"x":1175,"y":1810,"w":66,"h":66,"offX":0,"offY":0,"sourceW":66,"sourceH":66},
"shop_title":{"x":1,"y":1553,"w":419,"h":92,"offX":1,"offY":4,"sourceW":420,"sourceH":96},
"sliderband":{"x":1876,"y":447,"w":134,"h":35,"offX":0,"offY":0,"sourceW":134,"sourceH":35},
"sliderbg":{"x":1469,"y":797,"w":149,"h":45,"offX":0,"offY":0,"sourceW":149,"sourceH":45},
"slider_point":{"x":1981,"y":1951,"w":66,"h":66,"offX":0,"offY":0,"sourceW":66,"sourceH":66},
"star":{"x":2012,"y":447,"w":22,"h":23,"offX":0,"offY":0,"sourceW":22,"sourceH":23},
"tan_bg":{"x":1,"y":1,"w":535,"h":718,"offX":0,"offY":0,"sourceW":535,"sourceH":718},
"tan_pointer":{"x":445,"y":1118,"w":184,"h":262,"offX":0,"offY":0,"sourceW":184,"sourceH":262},
"tan_titile":{"x":1264,"y":1600,"w":419,"h":92,"offX":1,"offY":4,"sourceW":420,"sourceH":96},
"textarea":{"x":1469,"y":844,"w":91,"h":23,"offX":0,"offY":0,"sourceW":91,"sourceH":23},
"title_dog_img":{"x":422,"y":1622,"w":419,"h":92,"offX":1,"offY":4,"sourceW":420,"sourceH":96},
"title_gain":{"x":843,"y":1622,"w":419,"h":92,"offX":1,"offY":4,"sourceW":420,"sourceH":96},
"title_gain_gold":{"x":1,"y":1647,"w":419,"h":92,"offX":1,"offY":4,"sourceW":420,"sourceH":96},
"title_gain_more_gold":{"x":1264,"y":1694,"w":419,"h":92,"offX":1,"offY":4,"sourceW":420,"sourceH":96},
"title_invite":{"x":1509,"y":1318,"w":419,"h":92,"offX":1,"offY":4,"sourceW":420,"sourceH":96},
"title_money":{"x":631,"y":1340,"w":419,"h":92,"offX":1,"offY":4,"sourceW":420,"sourceH":96},
"title_myDog":{"x":1,"y":1365,"w":419,"h":92,"offX":1,"offY":4,"sourceW":420,"sourceH":96},
"title_online_gold":{"x":1509,"y":1412,"w":419,"h":92,"offX":1,"offY":4,"sourceW":420,"sourceH":96},
"title_perfect":{"x":422,"y":1434,"w":419,"h":92,"offX":1,"offY":4,"sourceW":420,"sourceH":96},
"title_recover":{"x":843,"y":1434,"w":419,"h":92,"offX":1,"offY":4,"sourceW":420,"sourceH":96},
"title_setup":{"x":1,"y":1459,"w":419,"h":92,"offX":1,"offY":4,"sourceW":420,"sourceH":96},
"title_speedup":{"x":1509,"y":1506,"w":419,"h":92,"offX":1,"offY":4,"sourceW":420,"sourceH":96},
"title_tip":{"x":422,"y":1528,"w":419,"h":92,"offX":1,"offY":4,"sourceW":420,"sourceH":96},
"water":{"x":544,"y":833,"w":88,"h":38,"offX":98,"offY":31,"sourceW":208,"sourceH":93},
"window_gold_bg":{"x":704,"y":725,"w":308,"h":68,"offX":0,"offY":0,"sourceW":308,"sourceH":68},
"商店_38分红犬":{"x":988,"y":896,"w":220,"h":220,"offX":0,"offY":0,"sourceW":220,"sourceH":220},
"商店_38碎片犬_勇":{"x":1,"y":932,"w":220,"h":220,"offX":0,"offY":0,"sourceW":220,"sourceH":220},
"商店_38碎片犬_忠":{"x":223,"y":932,"w":220,"h":220,"offX":0,"offY":0,"sourceW":220,"sourceH":220},
"商店_38碎片犬_智":{"x":1210,"y":1019,"w":220,"h":220,"offX":0,"offY":0,"sourceW":220,"sourceH":220},
"商店_38碎片犬_福":{"x":1432,"y":1096,"w":220,"h":220,"offX":0,"offY":0,"sourceW":220,"sourceH":220},
"商店_38碎片犬_萌":{"x":1654,"y":1096,"w":220,"h":220,"offX":0,"offY":0,"sourceW":220,"sourceH":220},
"商店_38红包犬":{"x":214,"y":1154,"w":211,"h":209,"offX":3,"offY":10,"sourceW":220,"sourceH":220},
"我的_分红犬":{"x":1763,"y":1919,"w":107,"h":107,"offX":3,"offY":0,"sourceW":113,"sourceH":107},
"我的_恭喜发大财":{"x":1,"y":1937,"w":107,"h":107,"offX":3,"offY":0,"sourceW":113,"sourceH":107},
"我的_红包犬":{"x":1251,"y":1950,"w":107,"h":107,"offX":3,"offY":0,"sourceW":113,"sourceH":107},
"我的_贵宾":{"x":1872,"y":1951,"w":107,"h":107,"offX":3,"offY":0,"sourceW":113,"sourceH":107},
"标题栏_合成分红犬":{"x":422,"y":1716,"w":419,"h":92,"offX":1,"offY":4,"sourceW":420,"sourceH":96},
"标题栏_生成完美狗狗":{"x":843,"y":1716,"w":419,"h":92,"offX":1,"offY":4,"sourceW":420,"sourceH":96}}}