{"mc":{
	"五狗合成分红犬_场景 1":{
		"frameRate":30,
		"events":[
			
			],
		"frames":[
			
			{
			"res":"E0C6CD4B",
			"x":130,
			"y":133,
			"duration":2
			},
			{
			"res":"78B519A4",
			"x":129,
			"y":124,
			"duration":2
			},
			{
			"res":"E92DF801",
			"x":115,
			"y":111,
			"duration":2
			},
			{
			"res":"3788A09B",
			"x":88,
			"y":91,
			"duration":2
			},
			{
			"res":"8BF19FA3",
			"x":74,
			"y":79,
			"duration":2
			},
			{
			"res":"B92A666C",
			"x":35,
			"y":79,
			"duration":2
			},
			{
			"res":"B5E262B4",
			"x":6,
			"y":77,
			"duration":2
			},
			{
			"res":"4506FE83",
			"x":7,
			"y":38,
			"duration":2
			},
			{
			"res":"7BA18317",
			"x":8,
			"y":21,
			"duration":2
			},
			{
			"res":"9F9CDBBB",
			"x":9,
			"y":22,
			"duration":2
			},
			{
			"res":"19C64509",
			"x":10,
			"y":22,
			"duration":2
			},
			{
			"res":"F466F74",
			"x":12,
			"y":23,
			"duration":2
			},
			{
			"res":"131DC290",
			"x":31,
			"y":24,
			"duration":2
			},
			{
			"res":"D412B32A",
			"x":33,
			"y":33,
			"duration":2
			},
			{
			"res":"CE40A0E2",
			"x":40,
			"y":43,
			"duration":2
			},
			{
			"res":"37939462",
			"x":51,
			"y":51,
			"duration":2
			},
			{
			"res":"4ACE6748",
			"x":57,
			"y":61,
			"duration":2
			},
			{
			"res":"436D2",
			"x":61,
			"y":71,
			"duration":2
			},
			{
			"res":"B0EC807E",
			"x":63,
			"y":78,
			"duration":2
			},
			{
			"res":"5DF2B6FB",
			"x":73,
			"y":86,
			"duration":2
			},
			{
			"res":"792E0DAF",
			"x":74,
			"y":90,
			"duration":2
			},
			{
			"res":"16CC7A09",
			"x":77,
			"y":90,
			"duration":2
			},
			{
			"res":"C83583AE",
			"x":77,
			"y":90,
			"duration":2
			},
			{
			"res":"DB2B69A3",
			"x":79,
			"y":94,
			"duration":2
			},
			{
			"res":"7CC79C62",
			"x":81,
			"y":102,
			"duration":2
			},
			{
			"res":"3C02C914",
			"x":88,
			"y":104,
			"duration":2
			},
			{
			"res":"4613CC1D",
			"x":69,
			"y":80,
			"duration":2
			},
			{
			"res":"22E436D3",
			"x":66,
			"y":67,
			"duration":2
			},
			{
			"res":"B9FB94EF",
			"x":65,
			"y":63,
			"duration":2
			},
			{
			"res":"3B50C5",
			"x":63,
			"y":62,
			"duration":2
			},
			{
			"res":"25219AE0",
			"x":63,
			"y":62,
			"duration":2
			},
			{
			"res":"8769F14",
			"x":65,
			"y":64,
			"duration":2
			}
			]
}},
	"res":{
		"37939462":{"x":1833,"y":0,"w":200,"h":198},
		"78B519A4":{"x":454,"y":342,"w":52,"h":53},
		"5DF2B6FB":{"x":902,"y":430,"w":169,"h":132},
		"B5E262B4":{"x":1345,"y":245,"w":227,"h":164},
		"B9FB94EF":{"x":0,"y":262,"w":170,"h":174},
		"DB2B69A3":{"x":163,"y":439,"w":146,"h":110},
		"7CC79C62":{"x":619,"y":440,"w":116,"h":93},
		"CE40A0E2":{"x":1595,"y":0,"w":236,"h":215},
		"B92A666C":{"x":1092,"y":257,"w":198,"h":161},
		"3B50C5":{"x":278,"y":261,"w":174,"h":176},
		"B0EC807E":{"x":1292,"y":411,"w":181,"h":148},
		"19C64509":{"x":278,"y":0,"w":274,"h":259},
		"C83583AE":{"x":0,"y":438,"w":161,"h":121},
		"E0C6CD4B":{"x":1292,"y":257,"w":43,"h":46},
		"3C02C914":{"x":172,"y":262,"w":100,"h":87},
		"D412B32A":{"x":1345,"y":0,"w":248,"h":243},
		"8BF19FA3":{"x":1475,"y":434,"w":157,"h":140},
		"436D2":{"x":902,"y":266,"w":175,"h":162},
		"9F9CDBBB":{"x":0,"y":0,"w":276,"h":260},
		"25219AE0":{"x":554,"y":259,"w":174,"h":176},
		"4613CC1D":{"x":1079,"y":420,"w":162,"h":139},
		"16CC7A09":{"x":454,"y":437,"w":163,"h":123},
		"131DC290":{"x":1092,"y":0,"w":251,"h":255},
		"3788A09B":{"x":311,"y":439,"w":129,"h":116},
		"7BA18317":{"x":827,"y":0,"w":263,"h":264},
		"22E436D3":{"x":1823,"y":382,"w":168,"h":166},
		"8769F14":{"x":730,"y":266,"w":170,"h":172},
		"F466F74":{"x":554,"y":0,"w":271,"h":257},
		"E92DF801":{"x":454,"y":261,"w":74,"h":79},
		"792E0DAF":{"x":1634,"y":434,"w":167,"h":124},
		"4ACE6748":{"x":1833,"y":200,"w":192,"h":180},
		"4506FE83":{"x":1595,"y":217,"w":226,"h":215}
	}}