{"mc":{
	"goldEffect":{
		"frameRate":24,
		"events":[
			
			],
		"frames":[
			
			{
			"res":"13681A3E",
			"x":38,
			"y":60
			},
			{
			"res":"608939FD",
			"x":39,
			"y":48
			},
			{
			"res":"82ACC6B8",
			"x":37,
			"y":41
			},
			{
			"res":"B70E8AD8",
			"x":33,
			"y":31
			},
			{
			"res":"442AC795",
			"x":30,
			"y":22
			},
			{
			"res":"2B9B2CF8",
			"x":28,
			"y":17
			},
			{
			"res":"1292B146",
			"x":0,
			"y":0
			},
			{
			"res":"D2AE8383",
			"x":15,
			"y":6
			},
			{
			"res":"145D88A4",
			"x":21,
			"y":3
			},
			{
			"res":"BE27F1BF",
			"x":1,
			"y":1
			},
			{
			"res":"F67EB417",
			"x":17,
			"y":1
			},
			{
			"res":"C97C19D9",
			"x":15,
			"y":1
			},
			{
			"res":"2C8C0D5E",
			"x":0,
			"y":0
			},
			{
			"res":"8FA29C6A",
			"x":13,
			"y":5
			},
			{
			"res":"85F93FC1",
			"x":12,
			"y":10
			},
			{
			"res":"537223F9",
			"x":10,
			"y":17
			},
			{
			"res":"3E7F07AC",
			"x":10,
			"y":22
			},
			{
			"res":"BC74DA22",
			"x":9,
			"y":30
			},
			{
			"res":"89AA2CFF",
			"x":8,
			"y":41
			},
			{
			"res":"6BE01DA8",
			"x":0,
			"y":49
			}
			]
}},
	"res":{
		"85F93FC1":{"x":158,"y":158,"w":69,"h":62},
		"13681A3E":{"x":35,"y":352,"w":30,"h":41},
		"537223F9":{"x":0,"y":181,"w":74,"h":65},
		"2B9B2CF8":{"x":143,"y":279,"w":72,"h":41},
		"1292B146":{"x":0,"y":248,"w":73,"h":53},
		"442AC795":{"x":198,"y":363,"w":42,"h":39},
		"6BE01DA8":{"x":148,"y":0,"w":91,"h":78},
		"C97C19D9":{"x":0,"y":0,"w":85,"h":105},
		"3E7F07AC":{"x":81,"y":158,"w":75,"h":67},
		"F67EB417":{"x":76,"y":227,"w":80,"h":49},
		"82ACC6B8":{"x":0,"y":369,"w":33,"h":39},
		"89AA2CFF":{"x":148,"y":80,"w":92,"h":76},
		"B70E8AD8":{"x":75,"y":337,"w":38,"h":35},
		"608939FD":{"x":217,"y":279,"w":30,"h":82},
		"BC74DA22":{"x":0,"y":107,"w":79,"h":72},
		"2C8C0D5E":{"x":158,"y":222,"w":77,"h":55},
		"145D88A4":{"x":143,"y":322,"w":53,"h":45},
		"D2AE8383":{"x":87,"y":0,"w":59,"h":124},
		"8FA29C6A":{"x":75,"y":278,"w":66,"h":57},
		"BE27F1BF":{"x":0,"y":303,"w":73,"h":47}
	}}