{"mc":{
	"烟花_场景 1":{
		"frameRate":30,
		"events":[
			
			],
		"frames":[
			
			{
			"res":"1C27A064",
			"x":99,
			"y":96,
			"duration":2
			},
			{
			"res":"345134D0",
			"x":76,
			"y":76,
			"duration":2
			},
			{
			"res":"AC60339",
			"x":59,
			"y":44,
			"duration":2
			},
			{
			"res":"67FC5032",
			"x":48,
			"y":31,
			"duration":2
			},
			{
			"res":"ED77F938",
			"x":38,
			"y":23,
			"duration":2
			},
			{
			"res":"FA43005D",
			"x":31,
			"y":15,
			"duration":2
			},
			{
			"res":"73300E7F",
			"x":26,
			"y":8,
			"duration":2
			},
			{
			"res":"92C191A",
			"x":19,
			"y":4,
			"duration":2
			},
			{
			"res":"6172DA5A",
			"x":15,
			"y":3,
			"duration":2
			},
			{
			"res":"350ABA14",
			"x":13,
			"y":0,
			"duration":2
			},
			{
			"res":"5B2AD424",
			"x":11,
			"y":0,
			"duration":2
			},
			{
			"res":"FB7669E9",
			"x":12,
			"y":0,
			"duration":2
			},
			{
			"res":"CE510A2D",
			"x":11,
			"y":0,
			"duration":2
			},
			{
			"res":"8C164DFB",
			"x":10,
			"y":1,
			"duration":2
			},
			{
			"res":"9F0496C5",
			"x":11,
			"y":0,
			"duration":2
			},
			{
			"res":"7BC76845",
			"x":11,
			"y":0,
			"duration":2
			}
			]
}},
	"res":{
		"ED77F938":{"x":202,"y":516,"w":185,"h":185},
		"5B2AD424":{"x":243,"y":258,"w":240,"h":256},
		"CE510A2D":{"x":247,"y":0,"w":243,"h":256},
		"1C27A064":{"x":950,"y":258,"w":44,"h":47},
		"8C164DFB":{"x":0,"y":0,"w":245,"h":255},
		"AC60339":{"x":0,"y":722,"w":144,"h":136},
		"FA43005D":{"x":0,"y":515,"w":200,"h":205},
		"345134D0":{"x":389,"y":516,"w":87,"h":86},
		"92C191A":{"x":721,"y":505,"w":220,"h":234},
		"67FC5032":{"x":202,"y":703,"w":166,"h":162},
		"6172DA5A":{"x":721,"y":258,"w":227,"h":245},
		"9F0496C5":{"x":492,"y":0,"w":243,"h":256},
		"7BC76845":{"x":737,"y":0,"w":243,"h":256},
		"73300E7F":{"x":485,"y":513,"w":210,"h":221},
		"FB7669E9":{"x":0,"y":257,"w":241,"h":256},
		"350ABA14":{"x":485,"y":258,"w":234,"h":253}
	}}