{"mc":{
	"lvup":{
		"frameRate":30,
		"events":[
			
			],
		"frames":[
			
			{
			"res":"5334459F",
			"x":83,
			"y":74
			},
			{
			"res":"7B57E5AD",
			"x":78,
			"y":69
			},
			{
			"res":"E32C6471",
			"x":66,
			"y":60
			},
			{
			"res":"E6B2841C",
			"x":55,
			"y":50
			},
			{
			"res":"C7E565AB",
			"x":46,
			"y":41
			},
			{
			"res":"9BBA8310",
			"x":38,
			"y":33
			},
			{
			"res":"EDBB17B4",
			"x":32,
			"y":27
			},
			{
			"res":"4A013695",
			"x":27,
			"y":18
			},
			{
			"res":"1053576B",
			"x":23,
			"y":14
			},
			{
			"res":"7610D120",
			"x":21,
			"y":10
			}
			]
}},
	"res":{
		"C7E565AB":{"x":162,"y":367,"w":142,"h":134},
		"E6B2841C":{"x":382,"y":188,"w":124,"h":116},
		"7610D120":{"x":1,"y":1,"w":194,"h":192},
		"5334459F":{"x":382,"y":306,"w":64,"h":65},
		"7B57E5AD":{"x":390,"y":98,"w":76,"h":75},
		"9BBA8310":{"x":1,"y":360,"w":159,"h":150},
		"4A013695":{"x":197,"y":188,"w":183,"h":177},
		"1053576B":{"x":197,"y":1,"w":191,"h":185},
		"E32C6471":{"x":390,"y":1,"w":101,"h":95},
		"EDBB17B4":{"x":1,"y":195,"w":172,"h":163}
	}}